1,-476
2,-746
3,8
4,-498
5,3
6,-201
7,-496
8,-475
9,-219
10,-463
11,-214
12,-480
13,5
14,39
15,-202
16,3
17,-750
18,45
19,-730
20,-451
21,20
22,-500
23,-497
24,-232
25,-484
26,-173
27,-1000
28,-202
29,29
30,-231
31,-470
32,-426
33,-201
34,-750
35,-220
36,-749
37,-1000
38,-439
39,-471
40,15
41,-500
42,-490
43,-436
44,-215
45,-481
46,-750
47,-434
48,-736
49,-245
50,28
51,-1000
52,31
53,-245
54,-240
55,-192
56,-443
57,-243
58,-500
59,-1000
60,-250
61,-232
62,-478
63,-193
64,9
65,-450
66,-463
67,-455
68,-725
69,-500
70,-250
71,-1000
72,-708
73,-500
74,-500
75,-455
76,-250
77,-439
78,-750
79,-452
80,33
81,-171
82,-468
83,-483
84,-476
85,-466
86,-250
87,14
88,-238
89,-452
90,-199
91,-245
92,-243
93,-466
94,-454
95,-1000
96,-483
97,-750
98,-500
99,-490
100,-221
101,-195
102,-483
103,-472
104,-250
105,-211
106,-425
107,-500
108,-750
109,-203
110,-237
111,-239
112,16
113,-449
114,-250
115,29
116,-731
117,26
118,-198
119,-484
120,-241
121,-734
122,-750
123,-486
124,-458
125,-500
126,16
127,-235
128,-235
129,-191
130,-476
131,-465
132,-500
133,-468
134,-219
135,17
136,15
137,-448
138,37
139,-461
140,-463
141,-739
142,-231
143,-443
144,-500
145,-490
146,-220
147,-460
148,-750
149,-459
150,19
151,-464
152,29
153,-250
154,-712
155,-747
156,-479
157,54
158,-435
159,-750
160,-436
161,-228
162,-231
163,-451
164,8
165,-750
166,-437
167,12
168,-494
169,0
170,-250
171,23
172,-464
173,-231
174,-456
175,-741
176,0
177,-241
178,-465
179,-739
180,-245
181,16
182,-488
183,11
184,-445
185,20
186,-247
187,11
188,-249
189,-482
190,15
191,-1000
192,25
193,-223
194,-500
195,-415
196,29
197,-477
198,-469
199,-461
200,-234
201,-431
202,-405
203,-237
204,118
205,-235
206,13
207,25
208,-158
209,59
210,-177
211,-741
212,-402
213,10
214,-156
215,-207
216,-494
217,-190
218,-401
219,34
220,-328
221,121
222,-183
223,43
224,-232
225,-229
226,100
227,50
228,-450
229,-451
230,-134
231,48
232,34
233,-126
234,-338
235,-318
236,10
237,-216
238,108
239,-224
240,23
241,-190
242,101
243,-500
244,-183
245,-389
246,-699
247,-348
248,8
249,-411
250,-115
251,-202
252,-217
253,126
254,48
255,50
256,-435
257,-213
258,55
259,-186
260,-238
261,51
262,27
263,-232
264,-172
265,28
266,17
267,-437
268,-225
269,-398
270,-141
271,69
272,-194
273,-206
274,45
275,-183
276,63
277,-236
278,28
279,85
280,-158
281,-144
282,-204
283,-239
284,11
285,-194
286,-157
287,-250
288,33
289,-202
290,-170
291,6
292,-225
293,-123
294,-190
295,-158
296,128
297,-745
298,-198
299,-196
300,-406
301,-207
302,-419
303,91
304,-118
305,-240
306,-212
307,-233
308,-168
309,27
310,79
311,-250
312,-446
313,116
314,-163
315,42
316,-416
317,-403
318,72
319,-470
320,-138
321,35
322,-399
323,45
324,36
325,-170
326,17
327,-744
328,-198
329,-250
330,-298
331,-206
332,-179
333,-129
334,22
335,156
336,-220
337,-405
338,-402
339,-158
340,-204
341,54
342,-465
343,85
344,-105
345,9
346,6
347,3
348,-208
349,-318
350,94
351,-141
352,-239
353,-204
354,-188
355,21
356,-451
357,-241
358,-195
359,-148
360,22
361,53
362,0
363,49
364,47
365,-161
366,42
367,90
368,-416
369,-136
370,-250
371,-493
372,81
373,-378
374,-212
375,84
376,49
377,97
378,68
379,-218
380,-649
381,-250
382,-1000
383,-318
384,-148
385,103
386,52
387,-249
388,-483
389,-348
390,79
391,-216
392,17
393,-446
394,-185
395,-213
396,-500
397,68
398,-500
399,-500
400,-216
401,97
402,50
403,259
404,414
405,1
406,55
407,-750
408,67
409,12
410,195
411,-100
412,57
413,603
414,47
415,173
416,161
417,82
418,82
419,62
420,152
421,94
422,102
423,161
424,146
425,-154
426,13
427,105
428,69
429,74
430,28
431,63
432,184
433,53
434,465
435,250
436,-244
437,39
438,34
439,12
440,-221
441,-214
442,105
443,110
444,127
445,1
446,48
447,90
448,61
449,-146
450,179
451,-218
452,-450
453,-162
454,100
455,136
456,81
457,114
458,102
459,308
460,99
461,171
462,56
463,-145
464,102
465,66
466,124
467,424
468,2
469,99
470,160
471,115
472,343
473,60
474,52
475,139
476,-118
477,141
478,77
479,106
480,-129
481,62
482,16
483,122
484,64
485,88
486,77
487,22
488,139
489,33
490,100
491,1
492,290
493,596
494,55
495,134
496,44
497,-142
498,-409
499,19
500,203
501,6
502,-67
503,140
504,67
505,102
506,39
507,62
508,144
509,104
510,-239
511,120
512,142
513,119
514,94
515,178
516,123
517,129
518,65
519,77
520,96
521,-213
522,73
523,-177
524,24
525,-148
526,252
527,110
528,-204
529,41
530,40
531,75
532,46
533,-152
534,105
535,-174
536,84
537,120
538,30
539,104
540,-187
541,-434
542,143
543,70
544,112
545,164
546,100
547,75
548,45
549,47
550,-479
551,50
552,92
553,119
554,84
555,39
556,86
557,167
558,-238
559,11
560,9
561,81
562,16
563,123
564,68
565,355
566,108
567,121
568,104
569,56
570,52
571,-238
572,494
573,252
574,54
575,110
576,39
577,145
578,41
579,42
580,53
581,79
582,441
583,-218
584,-156
585,-114
586,153
587,-116
588,-226
589,148
590,70
591,-158
592,122
593,16
594,123
595,67
596,14
597,13
598,85
599,11
600,181
601,163
602,110
603,264
604,21
605,530
606,118
607,88
608,-111
609,138
610,102
611,46
612,565
613,97
614,610
615,503
616,453
617,1
618,412
619,621
620,56
621,353
622,104
623,260
624,299
625,252
626,516
627,-148
628,635
629,323
630,257
631,53
632,81
633,593
634,274
635,102
636,302
637,288
638,124
639,327
640,795
641,339
642,292
643,503
644,-188
645,96
646,275
647,498
648,72
649,89
650,83
651,524
652,252
653,266
654,578
655,343
656,140
657,80
658,541
659,103
660,353
661,502
662,183
663,298
664,193
665,343
666,297
667,290
668,578
669,262
670,252
671,261
672,107
673,-140
674,224
675,85
676,462
677,294
678,410
679,138
680,81
681,336
682,73
683,606
684,503
685,322
686,604
687,613
688,201
689,276
690,424
691,481
692,132
693,524
694,281
695,139
696,281
697,5
698,94
699,335
700,101
701,296
702,302
703,82
704,305
705,599
706,96
707,143
708,156
709,29
710,214
711,443
712,79
713,297
714,177
715,122
716,40
717,177
718,51
719,91
720,82
721,276
722,3
723,92
724,390
725,448
726,189
727,143
728,312
729,148
730,56
731,570
732,333
733,384
734,420
735,117
736,165
737,387
738,443
739,550
740,338
741,113
742,183
743,175
744,69
745,105
746,133
747,203
748,263
749,343
750,111
751,443
752,101
753,63
754,260
755,766
756,573
757,244
758,106
759,615
760,331
761,2
762,564
763,-233
764,333
765,258
766,183
767,33
768,-168
769,854
770,126
771,102
772,112
773,321
774,116
775,753
776,25
777,331
778,288
779,372
780,278
781,193
782,15
783,129
784,101
785,599
786,0
787,257
788,469
789,531
790,135
791,387
792,-117
793,609
794,503
795,485
796,417
797,77
798,155
799,173
800,615
801,183
802,392
803,253
804,503
805,474
806,459
807,616
808,753
809,502
810,761
811,834
812,554
813,562
814,367
815,185
816,281
817,780
818,-140
819,834
820,262
821,634
822,512
823,603
824,791
825,2
826,464
827,619
828,255
829,485
830,538
831,343
832,757
833,353
834,622
835,551
836,646
837,624
838,164
839,520
840,530
841,185
842,612
843,503
844,645
845,285
846,301
847,129
848,532
849,392
850,614
851,606
852,536
853,333
854,628
855,251
856,603
857,607
858,257
859,504
860,790
861,193
862,781
863,503
864,596
865,605
866,353
867,343
868,276
869,351
870,1004
871,542
872,778
873,753
874,261
875,599
876,93
877,604
878,322
879,621
880,704
881,360
882,311
883,403
884,571
885,544
886,276
887,364
888,493
889,631
890,315
891,684
892,534
893,258
894,587
895,84
896,537
897,534
898,1004
899,183
900,203
901,524
902,791
903,262
904,270
905,766
906,419
907,153
908,503
909,284
910,305
911,183
912,423
913,275
914,634
915,462
916,437
917,302
918,578
919,766
920,128
921,782
922,266
923,376
924,146
925,629
926,607
927,515
928,285
929,1004
930,603
931,289
932,377
933,343
934,626
935,102
936,323
937,435
938,618
939,353
940,284
941,629
942,303
943,644
944,606
945,93
946,343
947,503
948,579
949,524
950,503
951,37
952,353
953,620
954,308
955,455
956,131
957,275
958,152
959,252
960,396
961,287
962,694
963,469
964,163
965,777
966,39
967,110
968,620
969,67
970,154
971,154
972,309
973,343
974,281
975,330
976,615
977,471
978,674
979,503
980,445
981,406
982,203
983,704
984,343
985,353
986,597
987,353
988,98
989,353
990,353
991,460
992,518
993,576
994,529
995,276
996,293
997,4
998,704
999,257
1000,771
1001,794
1002,554
1003,261
1004,609
1005,791
1006,854
1007,854
1008,576
1009,771
1010,773
1011,503
1012,88
1013,854
1014,285
1015,387
1016,514
1017,534
1018,1004
1019,804
1020,605
1021,168
1022,544
1023,785
1024,604
1025,540
1026,503
1027,759
1028,609
1029,563
1030,560
1031,503
1032,402
1033,620
1034,158
1035,282
1036,503
1037,605
1038,343
1039,854
1040,581
1041,259
1042,298
1043,427
1044,566
1045,283
1046,1004
1047,684
1048,503
1049,602
1050,533
1051,789
1052,854
1053,619
1054,854
1055,644
1056,138
1057,569
1058,1004
1059,150
1060,1004
1061,603
1062,576
1063,778
1064,759
1065,762
1066,453
1067,753
1068,593
1069,365
1070,618
1071,469
1072,786
1073,854
1074,514
1075,834
1076,647
1077,793
1078,565
1079,620
1080,854
1081,779
1082,503
1083,360
1084,523
1085,763
1086,537
1087,615
1088,1004
1089,603
1090,684
1091,801
1092,779
1093,684
1094,609
1095,786
1096,602
1097,684
1098,544
1099,623
1100,635
1101,639
1102,275
1103,791
1104,773
1105,793
1106,621
1107,824
1108,399
1109,762
1110,353
1111,554
1112,331
1113,1004
1114,627
1115,427
1116,599
1117,854
1118,1004
1119,1004
1120,443
1121,654
1122,195
1123,275
1124,854
1125,765
1126,414
1127,799
1128,513
1129,795
1130,561
1131,757
1132,609
1133,595
1134,72
1135,1004
1136,623
1137,351
1138,1004
1139,797
1140,323
1141,778
1142,753
1143,674
1144,607
1145,619
1146,763
1147,503
1148,128
1149,577
1150,547
1151,590
1152,624
1153,367
1154,795
1155,323
1156,779
1157,804
1158,591
1159,335
1160,774
1161,628
1162,569
1163,814
1164,834
1165,607
1166,775
1167,564
1168,611
1169,603
1170,484
1171,844
1172,814
1173,620
1174,301
1175,526
1176,567
1177,753
1178,268
1179,1004
1180,393
1181,72
1182,1004
1183,1004
1184,356
1185,782
1186,824
1187,694
1188,769
1189,771
1190,798
1191,110
1192,332
1193,571
1194,279
1195,545
1196,606
1197,704
1198,588
1199,854
1200,601
1201,791
1202,1004
1203,1004
1204,770
1205,1004
1206,797
1207,637
1208,844
1209,1004
1210,92
1211,753
1212,796
1213,614
1214,799
1215,540
1216,1004
1217,1004
1218,1004
1219,598
1220,544
1221,1004
1222,315
1223,308
1224,704
1225,503
1226,1004
1227,1004
1228,603
1229,824
1230,591
1231,793
1232,1004
1233,796
1234,614
1235,1004
1236,760
1237,854
1238,603
1239,399
1240,778
1241,353
1242,764
1243,342
1244,791
1245,1004
1246,704
1247,759
1248,539
1249,684
1250,824
1251,1004
1252,540
1253,753
1254,794
1255,768
1256,1004
1257,509
1258,844
1259,834
1260,757
1261,296
1262,804
1263,764
1264,754
1265,844
1266,824
1267,753
1268,628
1269,664
1270,854
1271,1004
1272,772
1273,502
1274,374
1275,610
1276,824
1277,573
1278,1004
1279,1004
1280,640
1281,834
1282,854
1283,779
1284,844
1285,1004
1286,1004
1287,1004
1288,834
1289,854
1290,576
1291,403
1292,775
1293,1004
1294,804
1295,684
1296,557
1297,753
1298,694
1299,844
1300,779
1301,325
1302,854
1303,759
1304,844
1305,1004
1306,844
1307,834
1308,551
1309,1004
1310,854
1311,1004
1312,1004
1313,795
1314,704
1315,1004
1316,755
1317,753
1318,804
1319,788
1320,766
1321,1004
1322,773
1323,684
1324,1004
1325,1004
1326,574
1327,834
1328,796
1329,634
1330,824
1331,1004
1332,643
1333,797
1334,753
1335,602
1336,778
1337,797
1338,1004
1339,583
1340,567
1341,762
1342,1004
1343,786
1344,753
1345,1004
1346,834
1347,1004
1348,1004
1349,580
1350,1004
1351,854
1352,1004
1353,1004
1354,802
1355,758
1356,844
1357,788
1358,1004
1359,844
1360,799
1361,1004
1362,568
1363,795
1364,844
1365,625
1366,1004
1367,854
1368,580
1369,684
1370,773
1371,328
1372,1004
1373,854
1374,770
1375,353
1376,560
1377,224
1378,1004
1379,611
1380,554
1381,804
1382,609
1383,503
1384,639
1385,786
1386,844
1387,568
1388,523
1389,577
1390,614
1391,844
1392,854
1393,814
1394,802
1395,503
1396,779
1397,613
1398,804
1399,772
1400,276
1401,1004
1402,1004
1403,854
1404,854
1405,785
1406,1004
1407,797
1408,573
1409,763
1410,621
1411,694
1412,793
1413,1004
1414,814
1415,1004
1416,642
1417,792
1418,774
1419,534
1420,621
1421,635
1422,1004
1423,1004
1424,1004
1425,1004
1426,1004
1427,1004
1428,1004
1429,765
1430,824
1431,1004
1432,1004
1433,1004
1434,756
1435,758
1436,786
1437,763
1438,793
1439,780
1440,1004
1441,759
1442,694
1443,503
1444,1004
1445,1004
1446,541
1447,854
1448,824
1449,765
1450,834
1451,854
1452,1004
1453,1004
1454,1004
1455,781
1456,844
1457,844
1458,633
1459,1004
1460,788
1461,1004
1462,1004
1463,1004
1464,526
1465,844
1466,580
1467,794
1468,1004
1469,834
1470,1004
1471,1004
1472,1004
1473,1004
1474,556
1475,784
1476,634
1477,854
1478,1004
1479,580
1480,793
1481,844
1482,503
1483,801
1484,584
1485,1004
1486,785
1487,824
1488,1004
1489,854
1490,1004
1491,608
1492,613
1493,834
1494,804
1495,674
1496,1004
1497,1004
1498,674
1499,753
1500,694
1501,1004
1502,587
1503,854
1504,1004
1505,1004
1506,854
1507,854
1508,798
1509,1004
1510,780
1511,1004
1512,824
1513,587
1514,1004
1515,393
1516,1004
1517,844
1518,1004
1519,768
1520,761
1521,1004
1522,1004
1523,664
1524,774
1525,774
1526,772
1527,1004
1528,684
1529,583
1530,603
1531,1004
1532,824
1533,797
1534,1004
1535,562
1536,1004
1537,854
1538,558
1539,844
1540,1004
1541,1004
1542,785
1543,854
1544,1004
1545,540
1546,1004
1547,1004
1548,587
1549,791
1550,684
1551,1004
1552,854
1553,1004
1554,1004
1555,567
1556,854
1557,602
1558,824
1559,759
1560,781
1561,1004
1562,1004
1563,1004
1564,844
1565,1004
1566,561
1567,854
1568,1004
1569,778
1570,854
1571,834
1572,1004
1573,1004
1574,1004
1575,1004
1576,1004
1577,854
1578,603
1579,1004
1580,1004
1581,800
1582,1004
1583,759
1584,773
1585,576
1586,1004
1587,854
1588,694
1589,1004
1590,343
1591,1004
1592,854
1593,854
1594,768
1595,621
1596,753
1597,787
1598,1004
1599,1004
1600,1004
1601,1004
1602,1004
1603,764
1604,1004
1605,854
1606,582
1607,1004
1608,1004
1609,1004
1610,1004
1611,1004
1612,1004
1613,503
1614,684
1615,1004
1616,1004
1617,1004
1618,1004
1619,854
1620,800
1621,802
1622,1004
1623,834
1624,778
1625,1004
1626,1004
1627,844
1628,1004
1629,1004
1630,854
1631,854
1632,1004
1633,1004
1634,1004
1635,1004
1636,704
1637,834
1638,1004
1639,603
1640,684
1641,1004
1642,1004
1643,854
1644,824
1645,1004
1646,1004
1647,1004
1648,804
1649,854
1650,1004
1651,1004
1652,1004
1653,753
1654,1004
1655,1004
1656,854
1657,1004
1658,824
1659,1004
1660,1004
1661,1004
1662,834
1663,1004
1664,854
1665,684
1666,1004
1667,1004
1668,1004
1669,753
1670,1004
1671,1004
1672,804
1673,772
1674,1004
1675,1004
1676,782
1677,1004
1678,753
1679,625
1680,834
1681,1004
1682,854
1683,1004
1684,786
1685,844
1686,1004
1687,854
1688,1004
1689,1004
1690,1004
1691,1004
1692,1004
1693,704
1694,1004
1695,1004
1696,844
1697,632
1698,775
1699,1004
1700,1004
1701,1004
1702,854
1703,814
1704,1004
1705,1004
1706,768
1707,1004
1708,803
1709,1004
1710,854
1711,694
1712,1004
1713,1004
1714,1004
1715,764
1716,1004
1717,1004
1718,1004
1719,824
1720,1004
1721,1004
1722,854
1723,1004
1724,1004
1725,1004
1726,781
1727,704
1728,1004
1729,1004
1730,781
1731,854
1732,1004
1733,1004
1734,1004
1735,503
1736,779
1737,1004
1738,1004
1739,844
1740,1004
1741,1004
1742,1004
1743,1004
1744,1004
1745,1004
1746,767
1747,780
1748,1004
1749,1004
1750,834
1751,1004
1752,1004
1753,1004
1754,1004
1755,834
1756,792
1757,1004
1758,793
1759,763
1760,777
1761,854
1762,814
1763,694
1764,1004
1765,766
1766,1004
1767,1004
1768,854
1769,1004
1770,1004
1771,1004
1772,590
1773,1004
1774,634
1775,1004
1776,1004
1777,797
1778,1004
1779,1004
1780,1004
1781,1004
1782,1004
1783,629
1784,1004
1785,773
1786,1004
1787,1004
1788,1004
1789,788
1790,803
1791,1004
1792,1004
1793,775
1794,1004
1795,664
1796,854
1797,1004
1798,1004
1799,1004
1800,770
1801,1004
1802,854
1803,1004
1804,1004
1805,1004
1806,1004
1807,1004
1808,1004
1809,1004
1810,854
1811,1004
1812,1004
1813,1004
1814,644
1815,1004
1816,1004
1817,844
1818,1004
1819,1004
1820,854
1821,1004
1822,854
1823,1004
1824,1004
1825,760
1826,1004
1827,1004
1828,1004
1829,1004
1830,1004
1831,1004
1832,1004
1833,1004
1834,1004
1835,1004
1836,1004
1837,854
1838,1004
1839,784
1840,1004
1841,854
1842,1004
1843,774
1844,1004
1845,792
1846,1004
1847,1004
1848,1004
1849,1004
1850,1004
1851,1004
1852,1004
1853,1004
1854,1004
1855,532
1856,1004
1857,1004
1858,1004
1859,1004
1860,1004
1861,1004
1862,1004
1863,602
1864,605
1865,1004
1866,1004
1867,1004
1868,854
1869,1004
1870,1004
1871,1004
1872,1004
1873,854
1874,1004
1875,1004
1876,814
1877,1004
1878,772
1879,1004
1880,854
1881,1004
1882,1004
1883,764
1884,753
1885,1004
1886,1004
1887,1004
1888,787
1889,1004
1890,1004
1891,1004
1892,1004
1893,765
1894,854
1895,1004
1896,503
1897,1004
1898,1004
1899,623
1900,788
1901,854
1902,854
1903,1004
1904,798
1905,1004
1906,584
1907,1004
1908,1004
1909,814
1910,1004
1911,854
1912,1004
1913,1004
1914,1004
1915,803
1916,1004
1917,1004
1918,1004
1919,1004
1920,1004
1921,1004
1922,1004
1923,1004
1924,1004
1925,1004
1926,854
1927,565
1928,1004
1929,834
1930,1004
1931,563
1932,1004
1933,854
1934,1004
1935,1004
1936,1004
1937,1004
1938,1004
1939,1004
1940,1004
1941,1004
1942,1004
1943,1004
1944,1004
1945,1004
1946,664
1947,854
1948,1004
1949,1004
1950,595
1951,1004
1952,1004
1953,854
1954,1004
1955,854
1956,834
1957,824
1958,1004
1959,1004
1960,1004
1961,1004
1962,1004
1963,1004
1964,1004
1965,1004
1966,769
1967,1004
1968,1004
1969,1004
1970,854
1971,1004
1972,1004
1973,1004
1974,824
1975,759
1976,1004
1977,1004
1978,1004
1979,1004
1980,1004
1981,1004
1982,588
1983,1004
1984,1004
1985,1004
1986,1004
1987,804
1988,1004
1989,1004
1990,1004
1991,804
1992,792
1993,1004
1994,1004
1995,1004
1996,753
1997,1004
1998,1004
1999,1004
2000,1004
2001,1004
2002,1004
2003,1004
2004,1004
2005,1004
2006,854
2007,1004
2008,1004
2009,1004
2010,1004
2011,1004
2012,1004
2013,1004
2014,793
2015,1004
2016,1004
2017,761
2018,1004
2019,1004
2020,1004
2021,1004
2022,1004
2023,854
2024,1004
2025,1004
2026,774
2027,1004
2028,1004
2029,854
2030,1004
2031,1004
2032,760
2033,1004
2034,795
2035,1004
2036,854
2037,1004
2038,613
2039,1004
2040,795
2041,1004
2042,1004
2043,1004
2044,1004
2045,854
2046,1004
2047,1004
2048,1004
2049,1004
2050,622
2051,1004
2052,1004
2053,1004
2054,777
2055,572
2056,1004
2057,854
2058,854
2059,844
2060,1004
2061,1004
2062,804
2063,1004
2064,1004
2065,1004
2066,854
2067,1004
2068,1004
2069,1004
2070,1004
2071,1004
2072,1004
2073,1004
2074,1004
2075,1004
2076,1004
2077,1004
2078,1004
2079,1004
2080,637
2081,1004
2082,1004
2083,781
2084,824
2085,674
2086,1004
2087,1004
2088,1004
2089,1004
2090,1004
2091,1004
2092,1004
2093,1004
2094,764
2095,759
2096,781
2097,798
2098,1004
2099,1004
2100,1004
2101,1004
2102,790
2103,854
2104,1004
2105,788
2106,1004
2107,1004
2108,1004
2109,1004
2110,1004
2111,1004
2112,824
2113,1004
2114,753
2115,1004
2116,1004
2117,1004
2118,1004
2119,1004
2120,1004
2121,1004
2122,1004
2123,1004
2124,814
2125,1004
2126,756
2127,1004
2128,1004
2129,854
2130,1004
2131,1004
2132,1004
2133,1004
2134,801
2135,1004
2136,1004
2137,1004
2138,1004
2139,1004
2140,795
2141,1004
2142,834
2143,854
2144,1004
2145,1004
2146,1004
2147,1004
2148,1004
2149,1004
2150,791
2151,1004
2152,764
2153,1004
2154,1004
2155,1004
2156,1004
2157,1004
2158,787
2159,1004
2160,844
2161,1004
2162,1004
2163,1004
2164,794
2165,1004
2166,1004
2167,785
2168,1004
2169,1004
2170,1004
2171,834
2172,1004
2173,1004
2174,854
2175,1004
2176,1004
2177,1004
2178,1004
2179,1004
2180,1004
2181,1004
2182,804
2183,603
2184,1004
2185,1004
2186,854
2187,814
2188,1004
2189,1004
2190,1004
2191,1004
2192,789
2193,854
2194,503
2195,1004
2196,1004
2197,1004
2198,783
2199,1004
2200,854
2201,1004
2202,1004
2203,1004
2204,1004
2205,854
2206,1004
2207,1004
2208,1004
2209,1004
2210,785
2211,1004
2212,1004
2213,792
2214,597
2215,759
2216,804
2217,1004
2218,801
2219,1004
2220,1004
2221,1004
2222,1004
2223,1004
2224,1004
2225,523
2226,1004
2227,1004
2228,1004
2229,1004
2230,803
2231,1004
2232,1004
2233,791
2234,1004
2235,793
2236,791
2237,1004
2238,854
2239,1004
2240,1004
2241,572
2242,1004
2243,1004
2244,834
2245,1004
2246,802
2247,1004
2248,834
2249,596
2250,1004
2251,1004
2252,776
2253,1004
2254,1004
2255,1004
2256,574
2257,1004
2258,572
2259,765
2260,854
2261,1004
2262,654
2263,1004
2264,1004
2265,601
2266,1004
2267,1004
2268,1004
2269,1004
2270,643
2271,1004
2272,634
2273,834
2274,502
2275,1004
2276,834
2277,1004
2278,1004
2279,1004
2280,1004
2281,854
2282,1004
2283,1004
2284,1004
2285,1004
2286,1004
2287,793
2288,1004
2289,1004
2290,1004
2291,1004
2292,1004
2293,1004
2294,804
2295,1004
2296,1004
2297,804
2298,1004
2299,1004
2300,770
2301,824
2302,1004
2303,1004
2304,1004
2305,1004
2306,834
2307,1004
2308,854
2309,1004
2310,1004
2311,674
2312,1004
2313,1004
2314,1004
2315,854
2316,1004
2317,762
2318,803
2319,1004
2320,558
2321,593
2322,1004
2323,1004
2324,1004
2325,1004
2326,1004
2327,634
2328,1004
2329,1004
2330,1004
2331,782
2332,548
2333,801
2334,1004
2335,1004
2336,1004
2337,795
2338,800
2339,1004
2340,1004
2341,1004
2342,800
2343,1004
2344,844
2345,756
2346,527
2347,1004
2348,787
2349,834
2350,1004
2351,787
2352,1004
2353,1004
2354,674
2355,1004
2356,624
2357,791
2358,1004
2359,781
2360,1004
2361,1004
2362,782
2363,753
2364,1004
2365,1004
2366,1004
2367,1004
2368,1004
2369,1004
2370,1004
2371,1004
2372,1004
2373,1004
2374,1004
2375,1004
2376,1004
2377,1004
2378,1004
2379,1004
2380,1004
2381,1004
2382,1004
2383,854
2384,834
2385,563
2386,1004
2387,674
2388,1004
2389,1004
2390,1004
2391,774
2392,1004
2393,756
2394,674
2395,1004
2396,1004
2397,1004
2398,1004
2399,1004
2400,854
2401,1004
2402,798
2403,586
2404,614
2405,684
2406,1004
2407,1004
2408,1004
2409,1004
2410,1004
2411,854
2412,1004
2413,1004
2414,844
2415,1004
2416,1004
2417,844
2418,1004
2419,1004
2420,1004
2421,804
2422,795
2423,1004
2424,1004
2425,1004
2426,1004
2427,1004
2428,1004
2429,1004
2430,593
2431,1004
2432,1004
2433,1004
2434,804
2435,694
2436,1004
2437,1004
2438,1004
2439,1004
2440,1004
2441,1004
2442,1004
2443,1004
2444,600
2445,1004
2446,1004
2447,844
2448,1004
2449,1004
2450,1004
2451,791
2452,1004
2453,824
2454,1004
2455,764
2456,1004
2457,1004
2458,1004
2459,1004
2460,1004
2461,1004
2462,1004
2463,1004
2464,1004
2465,1004
2466,798
2467,834
2468,1004
2469,1004
2470,1004
2471,1004
2472,1004
2473,1004
2474,793
2475,1004
2476,664
2477,1004
2478,595
2479,844
2480,1004
2481,1004
2482,797
2483,1004
2484,854
2485,1004
2486,1004
2487,844
2488,1004
2489,1004
2490,1004
2491,1004
2492,1004
2493,1004
2494,1004
2495,1004
2496,1004
2497,1004
2498,798
2499,508
2500,790
2501,1004
2502,1004
2503,704
2504,1004
2505,753
2506,1004
2507,766
2508,664
2509,1004
2510,1004
2511,1004
2512,1004
2513,503
2514,1004
2515,1004
2516,1004
2517,1004
2518,1004
2519,1004
2520,1004
2521,1004
2522,774
2523,1004
2524,1004
2525,1004
2526,854
2527,786
2528,1004
2529,844
2530,824
2531,854
2532,1004
2533,1004
2534,1004
2535,1004
2536,1004
2537,1004
2538,1004
2539,791
2540,1004
2541,799
2542,1004
2543,1004
2544,1004
2545,834
2546,1004
2547,1004
2548,1004
2549,1004
2550,1004
2551,1004
2552,1004
2553,1004
2554,1004
2555,1004
2556,1004
2557,793
2558,1004
2559,1004
2560,1004
2561,1004
2562,1004
2563,1004
2564,1004
2565,791
2566,1004
2567,1004
2568,1004
2569,1004
2570,814
2571,1004
2572,834
2573,798
2574,1004
2575,789
2576,1004
2577,1004
2578,773
2579,1004
2580,1004
2581,1004
2582,1004
2583,1004
2584,1004
2585,1004
2586,1004
2587,1004
2588,824
2589,790
2590,1004
2591,1004
2592,775
2593,794
2594,1004
2595,624
2596,1004
2597,1004
2598,595
2599,789
2600,1004
2601,1004
2602,1004
2603,844
2604,1004
2605,834
2606,1004
2607,1004
2608,1004
2609,1004
2610,1004
2611,1004
2612,1004
2613,1004
2614,1004
2615,1004
2616,1004
2617,1004
2618,793
2619,792
2620,1004
2621,1004
2622,1004
2623,1004
2624,1004
2625,854
2626,1004
2627,1004
2628,1004
2629,1004
2630,1004
2631,854
2632,1004
2633,1004
2634,1004
2635,761
2636,1004
2637,1004
2638,1004
2639,854
2640,854
2641,1004
2642,1004
2643,1004
2644,586
2645,1004
2646,802
2647,854
2648,753
2649,1004
2650,623
2651,1004
2652,603
2653,1004
2654,844
2655,844
2656,1004
2657,555
2658,753
2659,1004
2660,777
2661,854
2662,787
2663,1004
2664,1004
2665,1004
2666,1004
2667,1004
2668,1004
2669,753
2670,784
2671,1004
2672,640
2673,844
2674,854
2675,1004
2676,1004
2677,1004
2678,834
2679,1004
2680,1004
2681,792
2682,1004
2683,801
2684,1004
2685,759
2686,762
2687,834
2688,603
2689,1004
2690,1004
2691,1004
2692,1004
2693,704
2694,1004
2695,1004
2696,1004
2697,684
2698,1004
2699,1004
2700,1004
2701,684
2702,1004
2703,1004
2704,1004
2705,1004
2706,1004
2707,1004
2708,1004
2709,854
2710,1004
2711,1004
2712,1004
2713,1004
2714,1004
2715,644
2716,1004
2717,764
2718,1004
2719,1004
2720,1004
2721,1004
2722,639
2723,844
2724,1004
2725,1004
2726,1004
2727,1004
2728,854
2729,1004
2730,1004
2731,770
2732,1004
2733,1004
2734,1004
2735,1004
2736,1004
2737,844
2738,1004
2739,1004
2740,1004
2741,684
2742,756
2743,1004
2744,1004
2745,1004
2746,1004
2747,512
2748,1004
2749,1004
2750,1004
2751,1004
2752,1004
2753,1004
2754,1004
2755,759
2756,1004
2757,1004
2758,754
2759,759
2760,1004
2761,1004
2762,1004
2763,1004
2764,824
2765,795
2766,1004
2767,1004
2768,1004
2769,1004
2770,1004
2771,824
2772,1004
2773,1004
2774,578
2775,1004
2776,764
2777,1004
2778,854
2779,1004
2780,1004
2781,834
2782,1004
2783,1004
2784,1004
2785,854
2786,1004
2787,1004
2788,1004
2789,1004
2790,1004
2791,1004
2792,854
2793,1004
2794,789
2795,767
2796,1004
2797,1004
2798,519
2799,773
2800,824
2801,1004
2802,557
2803,1004
2804,1004
2805,814
2806,1004
2807,799
2808,1004
2809,635
2810,768
2811,1004
2812,824
2813,1004
2814,1004
2815,1004
2816,1004
2817,1004
2818,779
2819,1004
2820,814
2821,1004
2822,1004
2823,834
2824,1004
2825,1004
2826,1004
2827,814
2828,1004
2829,1004
2830,1004
2831,1004
2832,1004
2833,824
2834,1004
2835,1004
2836,1004
2837,1004
2838,1004
2839,1004
2840,1004
2841,1004
2842,793
2843,1004
2844,1004
2845,1004
2846,854
2847,1004
2848,1004
2849,800
2850,1004
2851,1004
2852,824
2853,1004
2854,1004
2855,844
2856,1004
2857,834
2858,1004
2859,1004
2860,1004
2861,1004
2862,1004
2863,589
2864,1004
2865,1004
2866,1004
2867,1004
2868,1004
2869,591
2870,1004
2871,1004
2872,791
2873,786
2874,1004
2875,564
2876,1004
2877,1004
2878,1004
2879,1004
2880,1004
2881,804
2882,1004
2883,1004
2884,1004
2885,1004
2886,1004
2887,844
2888,1004
2889,1004
2890,1004
2891,824
2892,834
2893,1004
2894,1004
2895,1004
2896,783
2897,1004
2898,1004
2899,1004
2900,798
2901,804
2902,1004
2903,793
2904,1004
2905,1004
2906,1004
2907,794
2908,1004
2909,834
2910,1004
2911,802
2912,621
2913,802
2914,1004
2915,844
2916,1004
2917,602
2918,802
2919,1004
2920,772
2921,801
2922,824
2923,793
2924,1004
2925,1004
2926,834
2927,854
2928,814
2929,1004
2930,1004
2931,791
2932,591
2933,1004
2934,1004
2935,1004
2936,793
2937,1004
2938,791
2939,803
2940,854
2941,794
2942,1004
2943,763
2944,1004
2945,799
2946,1004
2947,854
2948,1004
2949,1004
2950,1004
2951,854
2952,1004
2953,1004
2954,1004
2955,844
2956,854
2957,1004
2958,844
2959,781
2960,761
2961,794
2962,1004
2963,844
2964,1004
2965,759
2966,1004
2967,1004
2968,854
2969,1004
2970,787
2971,1004
2972,1004
2973,1004
2974,844
2975,1004
2976,552
2977,1004
2978,854
2979,1004
2980,1004
2981,1004
2982,1004
2983,1004
2984,1004
2985,1004
2986,854
2987,1004
2988,1004
2989,1004
2990,654
2991,787
2992,1004
2993,1004
2994,623
2995,780
2996,1004
2997,1004
2998,664
2999,1004
3000,824
3001,854
3002,694
3003,1004
3004,777
3005,1004
3006,1004
3007,1004
3008,1004
3009,804
3010,1004
3011,1004
3012,800
3013,1004
3014,759
3015,1004
3016,834
3017,844
3018,1004
3019,1004
3020,614
3021,1004
3022,1004
3023,1004
3024,854
3025,1004
3026,753
3027,834
3028,795
3029,1004
3030,834
3031,704
3032,799
3033,1004
3034,854
3035,854
3036,1004
3037,1004
3038,854
3039,790
3040,1004
3041,1004
3042,1004
3043,1004
3044,854
3045,824
3046,1004
3047,1004
3048,1004
3049,565
3050,1004
3051,1004
3052,1004
3053,1004
3054,1004
3055,781
3056,792
3057,1004
3058,798
3059,1004
3060,1004
3061,854
3062,1004
3063,782
3064,1004
3065,771
3066,1004
3067,854
3068,1004
3069,1004
3070,1004
3071,854
3072,1004
3073,1004
3074,1004
3075,621
3076,1004
3077,1004
3078,1004
3079,769
3080,1004
3081,1004
3082,1004
3083,1004
3084,1004
3085,1004
3086,1004
3087,1004
3088,1004
3089,1004
3090,1004
3091,684
3092,1004
3093,1004
3094,1004
3095,779
3096,1004
3097,844
3098,1004
3099,643
3100,626
3101,1004
3102,1004
3103,1004
3104,1004
3105,1004
3106,1004
3107,585
3108,844
3109,793
3110,1004
3111,1004
3112,854
3113,1004
3114,854
3115,1004
3116,1004
3117,1004
3118,804
3119,854
3120,609
3121,1004
3122,1004
3123,1004
3124,1004
3125,1004
3126,1004
3127,1004
3128,1004
3129,814
3130,787
3131,1004
3132,1004
3133,800
3134,1004
3135,1004
3136,562
3137,1004
3138,1004
3139,1004
3140,1004
3141,1004
3142,854
3143,854
3144,783
3145,784
3146,1004
3147,1004
3148,1004
3149,798
3150,1004
3151,1004
3152,1004
3153,834
3154,1004
3155,792
3156,1004
3157,757
3158,1004
3159,1004
3160,1004
3161,834
3162,854
3163,854
3164,1004
3165,1004
3166,1004
3167,854
3168,834
3169,1004
3170,844
3171,1004
3172,1004
3173,844
3174,1004
3175,824
3176,798
3177,854
3178,767
3179,772
3180,1004
3181,1004
3182,1004
3183,1004
3184,1004
3185,799
3186,854
3187,1004
3188,834
3189,1004
3190,1004
3191,1004
3192,1004
3193,1004
3194,1004
3195,844
3196,1004
3197,1004
3198,844
3199,1004
3200,1004
3201,1004
3202,1004
3203,1004
3204,854
3205,1004
3206,758
3207,1004
3208,1004
3209,1004
3210,814
3211,1004
3212,1004
3213,774
3214,1004
3215,1004
3216,1004
3217,1004
3218,1004
3219,803
3220,1004
3221,1004
3222,776
3223,824
3224,564
3225,1004
3226,1004
3227,1004
3228,1004
3229,1004
3230,602
3231,1004
3232,1004
3233,1004
3234,777
3235,854
3236,1004
3237,1004
3238,1004
3239,1004
3240,1004
3241,1004
3242,1004
3243,1004
3244,1004
3245,787
3246,1004
3247,1004
3248,578
3249,1004
3250,1004
3251,804
3252,1004
3253,1004
3254,1004
3255,1004
3256,1004
3257,1004
3258,1004
3259,1004
3260,854
3261,834
3262,779
3263,1004
3264,634
3265,1004
3266,640
3267,783
3268,674
3269,804
3270,760
3271,1004
3272,1004
3273,1004
3274,788
3275,814
3276,1004
3277,1004
3278,1004
3279,1004
3280,1004
3281,1004
3282,1004
3283,854
3284,1004
3285,1004
3286,1004
3287,1004
3288,854
3289,1004
3290,1004
3291,1004
3292,766
3293,800
3294,1004
3295,1004
3296,854
3297,786
3298,1004
3299,758
3300,797
3301,1004
3302,1004
3303,801
3304,1004
3305,1004
3306,1004
3307,1004
3308,854
3309,1004
3310,1004
3311,1004
3312,1004
3313,1004
3314,1004
3315,1004
3316,1004
3317,1004
3318,1004
3319,1004
3320,1004
3321,1004
3322,854
3323,1004
3324,1004
3325,1004
3326,1004
3327,854
3328,1004
3329,1004
3330,854
3331,1004
3332,1004
3333,824
3334,790
3335,804
3336,814
3337,1004
3338,1004
3339,1004
3340,791
3341,1004
3342,1004
3343,1004
3344,799
3345,1004
3346,1004
3347,1004
3348,1004
3349,1004
3350,787
3351,1004
3352,1004
3353,756
3354,1004
3355,854
3356,753
3357,1004
3358,1004
3359,801
3360,554
3361,1004
3362,1004
3363,1004
3364,1004
3365,1004
3366,854
3367,593
3368,1004
3369,1004
3370,803
3371,1004
3372,1004
3373,1004
3374,1004
3375,1004
3376,1004
3377,648
3378,1004
3379,1004
3380,503
3381,1004
3382,779
3383,1004
3384,793
3385,1004
3386,844
3387,1004
3388,1004
3389,793
3390,1004
3391,1004
3392,1004
3393,766
3394,800
3395,1004
3396,1004
3397,1004
3398,1004
3399,1004
3400,1004
3401,1004
3402,600
3403,1004
3404,603
3405,1004
3406,1004
3407,834
3408,1004
3409,824
3410,783
3411,1004
3412,802
3413,1004
3414,1004
3415,1004
3416,1004
3417,1004
3418,1004
3419,1004
3420,844
3421,1004
3422,854
3423,1004
3424,854
3425,1004
3426,854
3427,1004
3428,1004
3429,1004
3430,1004
3431,1004
3432,584
3433,1004
3434,1004
3435,824
3436,854
3437,1004
3438,790
3439,1004
3440,1004
3441,844
3442,573
3443,779
3444,834
3445,1004
3446,1004
3447,824
3448,789
3449,804
3450,1004
3451,1004
3452,854
3453,844
3454,1004
3455,1004
3456,1004
3457,1004
3458,854
3459,777
3460,1004
3461,1004
3462,1004
3463,1004
3464,1004
3465,1004
3466,560
3467,1004
3468,1004
3469,779
3470,1004
3471,854
3472,1004
3473,1004
3474,782
3475,1004
3476,1004
3477,599
3478,1004
3479,1004
3480,1004
3481,1004
3482,803
3483,1004
3484,531
3485,803
3486,1004
3487,1004
3488,1004
3489,1004
3490,1004
3491,1004
3492,1004
3493,854
3494,1004
3495,844
3496,1004
3497,1004
3498,1004
3499,1004
3500,1004
3501,753
3502,854
3503,674
3504,1004
3505,1004
3506,1004
3507,1004
3508,1004
3509,1004
3510,1004
3511,814
3512,1004
3513,1004
3514,1004
3515,1004
3516,1004
3517,844
3518,1004
3519,1004
3520,1004
3521,503
3522,844
3523,1004
3524,598
3525,1004
3526,793
3527,1004
3528,794
3529,1004
3530,1004
3531,793
3532,1004
3533,824
3534,787
3535,1004
3536,1004
3537,854
3538,1004
3539,854
3540,1004
3541,1004
3542,753
3543,1004
3544,1004
3545,1004
3546,854
3547,1004
3548,1004
3549,786
3550,1004
3551,1004
3552,779
3553,854
3554,1004
3555,1004
3556,1004
3557,1004
3558,1004
3559,1004
3560,1004
3561,590
3562,1004
3563,1004
3564,1004
3565,834
3566,1004
3567,1004
3568,694
3569,814
3570,814
3571,844
3572,1004
3573,1004
3574,854
3575,1004
3576,1004
3577,1004
3578,1004
3579,1004
3580,1004
3581,602
3582,1004
3583,781
3584,1004
3585,854
3586,1004
3587,1004
3588,1004
3589,1004
3590,1004
3591,1004
3592,1004
3593,1004
3594,1004
3595,1004
3596,854
3597,1004
3598,1004
3599,1004
3600,1004
3601,1004
3602,772
3603,575
3604,1004
3605,1004
3606,537
3607,753
3608,1004
3609,1004
3610,1004
3611,1004
3612,824
3613,1004
3614,844
3615,1004
3616,1004
3617,1004
3618,774
3619,1004
3620,1004
3621,769
3622,834
3623,844
3624,1004
3625,1004
3626,1004
3627,1004
3628,1004
3629,1004
3630,1004
3631,1004
3632,1004
3633,1004
3634,578
3635,770
3636,1004
3637,1004
3638,1004
3639,1004
3640,1004
3641,854
3642,1004
3643,814
3644,1004
3645,1004
3646,1004
3647,854
3648,770
3649,1004
3650,1004
3651,622
3652,834
3653,1004
3654,1004
3655,854
3656,799
3657,854
3658,1004
3659,1004
3660,854
3661,1004
3662,1004
3663,784
3664,757
3665,1004
3666,1004
3667,1004
3668,1004
3669,802
3670,1004
3671,1004
3672,1004
3673,844
3674,844
3675,1004
3676,1004
3677,1004
3678,854
3679,1004
3680,1004
3681,1004
3682,1004
3683,1004
3684,1004
3685,1004
3686,1004
3687,844
3688,1004
3689,854
3690,854
3691,1004
3692,854
3693,1004
3694,694
3695,674
3696,844
3697,1004
3698,1004
3699,1004
3700,1004
3701,1004
3702,785
3703,1004
3704,854
3705,1004
3706,1004
3707,1004
3708,768
3709,694
3710,1004
3711,801
3712,1004
3713,803
3714,790
3715,1004
3716,1004
3717,1004
3718,1004
3719,834
3720,1004
3721,1004
3722,844
3723,607
3724,1004
3725,1004
3726,854
3727,854
3728,1004
3729,804
3730,1004
3731,753
3732,1004
3733,1004
3734,1004
3735,1004
3736,834
3737,1004
3738,1004
3739,1004
3740,1004
3741,1004
3742,632
3743,1004
3744,1004
3745,1004
3746,844
3747,803
3748,804
3749,854
3750,854
3751,1004
3752,800
3753,1004
3754,553
3755,1004
3756,1004
3757,1004
3758,804
3759,1004
3760,1004
3761,1004
3762,1004
3763,1004
3764,1004
3765,854
3766,1004
3767,1004
3768,844
3769,1004
3770,1004
3771,1004
3772,1004
3773,834
3774,1004
3775,1004
3776,1004
3777,1004
3778,1004
3779,1004
3780,1004
3781,634
3782,796
3783,1004
3784,780
3785,782
3786,753
3787,1004
3788,593
3789,654
3790,767
3791,1004
3792,1004
3793,814
3794,1004
3795,1004
3796,1004
3797,1004
3798,1004
3799,1004
3800,1004
3801,1004
3802,804
3803,1004
3804,1004
3805,1004
3806,1004
3807,640
3808,854
3809,1004
3810,1004
3811,1004
3812,834
3813,1004
3814,756
3815,1004
3816,1004
3817,1004
3818,674
3819,1004
3820,1004
3821,1004
3822,854
3823,1004
3824,1004
3825,1004
3826,1004
3827,1004
3828,1004
3829,1004
3830,753
3831,758
3832,1004
3833,1004
3834,1004
3835,804
3836,1004
3837,1004
3838,1004
3839,1004
3840,1004
3841,1004
3842,1004
3843,1004
3844,783
3845,622
3846,782
3847,1004
3848,1004
3849,1004
3850,796
3851,1004
3852,798
3853,1004
3854,1004
3855,1004
3856,1004
3857,834
3858,1004
3859,1004
3860,1004
3861,834
3862,778
3863,579
3864,1004
3865,854
3866,1004
3867,844
3868,1004
3869,1004
3870,802
3871,854
3872,1004
3873,824
3874,1004
3875,753
3876,1004
3877,1004
3878,1004
3879,1004
3880,771
3881,1004
3882,1004
3883,854
3884,1004
3885,1004
3886,1004
3887,804
3888,854
3889,1004
3890,1004
3891,1004
3892,834
3893,1004
3894,1004
3895,834
3896,1004
3897,1004
3898,1004
3899,1004
3900,1004
3901,854
3902,1004
3903,1004
3904,854
3905,1004
3906,1004
3907,757
3908,854
3909,1004
3910,1004
3911,854
3912,1004
3913,1004
3914,844
3915,1004
3916,1004
3917,1004
3918,1004
3919,773
3920,1004
3921,1004
3922,844
3923,779
3924,604
3925,788
3926,854
3927,762
3928,1004
3929,854
3930,613
3931,1004
3932,1004
3933,1004
3934,1004
3935,1004
3936,1004
3937,1004
3938,1004
3939,1004
3940,1004
3941,546
3942,1004
3943,1004
3944,1004
3945,1004
3946,1004
3947,1004
3948,1004
3949,1004
3950,800
3951,1004
3952,1004
3953,1004
3954,844
3955,854
3956,1004
3957,1004
3958,785
3959,1004
3960,1004
3961,1004
3962,766
3963,854
3964,1004
3965,1004
3966,758
3967,503
3968,1004
3969,1004
3970,761
3971,1004
3972,1004
3973,615
3974,1004
3975,1004
3976,1004
3977,1004
3978,1004
3979,1004
3980,814
3981,684
3982,1004
3983,1004
3984,824
3985,1004
3986,757
3987,1004
3988,1004
3989,1004
3990,400
3991,1004
3992,854
3993,1004
3994,1004
3995,1004
3996,1004
3997,1004
3998,1004
3999,1004
4000,1004
4001,1004
4002,1004
4003,1004
4004,844
4005,783
4006,1004
4007,834
4008,1004
4009,804
4010,824
4011,1004
4012,1004
4013,1004
4014,1004
4015,684
4016,1004
4017,1004
4018,844
4019,854
4020,1004
4021,652
4022,1004
4023,1004
4024,1004
4025,525
4026,1004
4027,803
4028,1004
4029,844
4030,784
4031,1004
4032,1004
4033,800
4034,1004
4035,1004
4036,1004
4037,1004
4038,1004
4039,1004
4040,1004
4041,799
4042,1004
4043,788
4044,1004
4045,1004
4046,1004
4047,753
4048,624
4049,1004
4050,1004
4051,1004
4052,1004
4053,1004
4054,1004
4055,790
4056,571
4057,824
4058,1004
4059,1004
4060,1004
4061,788
4062,1004
4063,1004
4064,844
4065,1004
4066,1004
4067,1004
4068,1004
4069,854
4070,1004
4071,1004
4072,1004
4073,1004
4074,1004
4075,1004
