12,-330.1
13,-303.5
14,-303.8
15,-250.1
16,-270.6
17,-250.2
18,-275.6
19,-223.6
20,-274.7
21,-273.5
22,-250.1
23,-252.1
24,-302.3
25,-329.4
26,-357.6
27,-375.2
28,-400.2
29,-424.9
30,-349.0
31,-327.0
32,-376.0
33,-368.6
34,-339.0
35,-390.8
36,-364.4
37,-422.0
38,-422.0
39,-445.7
40,-495.7
41,-471.1
42,-474.1
43,-480.5
44,-504.0
45,-450.5
46,-476.6
47,-476.7
48,-420.1
49,-449.8
50,-427.2
51,-425.9
52,-475.9
53,-423.8
54,-404.7
55,-407.2
56,-378.3
57,-347.6
58,-328.5
59,-304.9
60,-380.4
61,-408.2
62,-331.4
63,-382.3
64,-377.1
65,-352.2
66,-378.0
67,-380.0
68,-401.2
69,-423.7
70,-373.7
71,-373.7
72,-450.5
73,-473.5
74,-504.2
75,-555.1
76,-555.6
77,-534.3
78,-532.7
79,-535.2
80,-530.4
81,-502.1
82,-419.2
83,-395.2
84,-393.5
85,-391.1
86,-392.2
87,-392.2
88,-346.9
89,-295.7
90,-295.7
91,-318.9
92,-326.3
93,-303.8
94,-302.1
95,-299.9
96,-353.3
97,-376.6
98,-453.0
99,-479.2
100,-483.0
101,-485.2
102,-480.2
103,-504.2
104,-504.8
105,-484.4
106,-405.5
107,-399.7
108,-374.7
109,-399.7
110,-371.0
111,-372.6
112,-377.0
113,-327.1
114,-324.8
115,-324.8
116,-300.8
117,-331.4
118,-278.8
119,-223.6
120,-251.7
121,-252.1
122,-301.6
123,-378.2
124,-381.9
125,-402.7
126,-455.6
127,-380.9
128,-407.0
129,-410.7
130,-381.4
131,-404.9
132,-378.0
133,-353.0
134,-351.2
135,-327.3
136,-275.6
137,-275.7
138,-297.0
139,-269.8
140,-296.8
141,-295.5
142,-322.9
143,-296.0
144,-293.5
145,-321.6
146,-372.3
147,-395.8
148,-397.0
149,-475.7
150,-475.5
151,-427.3
152,-399.8
153,-373.8
154,-354.5
155,-375.7
156,-401.4
157,-427.3
158,-375.9
159,-344.4
160,-373.5
161,-419.0
162,-395.4
163,-421.4
164,-441.5
165,-369.5
166,-369.8
167,-365.6
168,-369.8
169,-375.7
170,-300.7
171,-282.1
172,-257.0
173,-280.3
174,-258.3
175,-304.7
176,-303.8
177,-260.1
178,-285.4
179,-282.5
180,-356.4
181,-355.9
182,-356.6
183,-359.0
184,-334.8
185,-333.7
186,-257.6
187,-282.3
188,-257.1
189,-235.5
190,-209.8
191,-183.8
192,-285.4
193,-234.1
194,-257.5
195,-263.0
196,-306.5
197,-278.9
198,-327.7
199,-349.7
200,-347.6
201,-372.5
202,-315.6
203,-358.6
204,-360.0
205,-298.2
206,-280.2
207,-281.8
208,-231.6
209,-200.5
210,-148.5
211,-142.8
212,-173.8
213,-173.5
214,-148.8
215,-176.2
216,-173.4
217,-224.1
218,-245.6
219,-269.9
220,-272.4
221,-287.5
222,-201.3
223,-179.4
224,-176.1
225,-183.7
226,-185.9
227,-126.5
228,-102.5
229,-107.4
230,-155.9
231,-136.5
232,-143.8
233,-122.1
234,-139.0
235,-149.6
236,-158.5
237,-167.5
238,-194.1
239,-138.3
240,-115.6
241,-99.9
242,-123.7
243,-117.0
244,-154.4
245,-138.9
246,-146.0
247,-216.9
248,-230.1
249,-240.1
250,-258.8
251,-272.6
252,-273.8
253,-305.6
254,-243.0
255,-219.9
256,-176.0
257,-149.6
258,-136.1
259,-131.4
260,-108.9
261,-121.2
262,-95.9
263,-71.5
264,-107.3
265,-129.3
266,-131.5
267,-86.3
268,-108.7
269,-136.7
270,-157.9
271,-148.2
272,-146.4
273,-168.5
274,-165.9
275,-144.2
276,-165.3
277,-160.7
278,-140.6
279,-115.3
280,-67.0
281,-68.7
282,-90.0
283,-91.0
284,-94.3
285,-97.7
286,-98.8
287,-120.8
288,-122.2
289,-121.7
290,-150.4
291,-151.6
292,-136.6
293,-138.7
294,-127.1
295,-147.2
296,-143.6
297,-115.1
298,-164.6
299,-187.7
300,-187.1
301,-210.7
302,-232.0
303,-251.4
304,-230.0
305,-222.8
306,-231.0
307,-265.0
308,-213.8
309,-210.8
310,-188.5
311,-140.0
312,-144.3
313,-147.0
314,-144.5
315,-149.0
316,-120.8
317,-141.2
318,-158.2
319,-134.2
320,-183.9
321,-205.6
322,-177.1
323,-172.4
324,-179.5
325,-159.6
326,-180.8
327,-137.5
328,-171.6
329,-198.6
330,-176.6
331,-192.6
332,-216.7
333,-194.7
334,-212.1
335,-213.5
336,-180.9
337,-204.6
338,-170.7
339,-191.1
340,-181.9
341,-172.5
342,-146.5
343,-175.1
344,-153.7
345,-166.4
346,-181.1
347,-158.5
348,-117.7
349,-98.3
350,-114.3
351,-84.5
352,-104.0
353,-81.4
354,-110.3
355,-118.6
356,-117.4
357,-163.1
358,-187.5
359,-186.2
360,-169.2
361,-176.4
362,-157.0
363,-133.1
364,-107.8
365,-84.3
366,-102.5
367,-53.2
368,-20.1
369,-42.2
370,-41.0
371,-68.2
372,-122.8
373,-114.7
374,-157.4
375,-183.3
376,-158.8
377,-158.1
378,-157.4
379,-109.0
380,-117.2
381,-157.1
382,-132.8
383,-240.9
384,-234.9
385,-228.5
386,-226.6
387,-226.3
388,-260.9
389,-316.0
390,-329.0
391,-256.2
392,-252.8
393,-151.1
394,-163.9
395,-167.6
396,-199.2
397,-254.4
398,-222.7
399,-224.4
400,-239.6
401,-269.1
402,-237.8
403,-234.5
404,-164.0
405,-104.1
406,-82.7
407,-27.2
408,-109.0
409,-52.3
410,-1.1
411,40.0
412,20.3
413,21.0
414,55.4
415,18.7
416,35.9
417,46.5
418,129.7
419,131.2
420,136.2
421,131.9
422,151.3
423,155.8
424,111.6
425,121.5
426,88.8
427,74.0
428,76.3
429,75.0
430,76.2
431,63.8
432,60.7
433,68.9
434,58.1
435,90.0
436,130.4
437,104.7
438,98.1
439,94.6
440,88.4
441,63.5
442,35.8
443,27.9
444,33.6
445,-0.2
446,-25.1
447,4.1
448,9.2
449,11.9
450,-3.9
451,36.1
452,35.7
453,-19.8
454,-47.0
455,-49.7
456,-36.2
457,-32.9
458,-30.5
459,-26.4
460,19.0
461,11.0
462,49.9
463,100.5
464,102.2
465,102.4
466,95.4
467,99.7
468,130.7
469,120.7
470,99.8
471,105.9
472,100.3
473,129.0
474,149.5
475,144.5
476,151.8
477,127.6
478,99.3
479,106.8
480,107.5
481,78.6
482,73.3
483,40.6
484,46.8
485,48.0
486,42.9
487,62.4
488,50.5
489,56.7
490,49.4
491,72.3
492,66.2
493,93.6
494,141.0
495,140.1
496,144.7
497,141.4
498,125.0
499,70.2
500,68.8
501,79.1
502,79.6
503,43.9
504,-1.7
505,-0.5
506,-3.7
507,-4.2
508,16.2
509,71.5
510,80.0
511,35.8
512,47.2
513,68.1
514,66.0
515,68.7
516,76.3
517,84.7
518,91.4
519,83.5
520,80.8
521,114.3
522,81.0
523,74.1
524,44.5
525,37.5
526,4.9
527,17.8
528,15.9
529,-11.0
530,-14.6
531,-20.2
532,8.6
533,5.9
534,8.4
535,16.5
536,13.9
537,-2.9
538,-1.9
539,21.5
540,27.8
541,5.1
542,-45.8
543,-36.1
544,-13.9
545,-13.2
546,20.6
547,22.2
548,17.7
549,19.2
550,13.5
551,-15.7
552,32.7
553,27.6
554,32.5
555,29.7
556,17.2
557,15.8
558,25.0
559,-3.3
560,-6.9
561,41.9
562,45.0
563,37.4
564,37.8
565,36.2
566,67.8
567,70.0
568,65.4
569,99.6
570,104.1
571,108.4
572,76.5
573,124.3
574,137.2
575,135.8
576,111.3
577,104.4
578,106.8
579,100.5
580,99.1
581,99.2
582,130.9
583,125.6
584,78.6
585,57.6
586,35.2
587,46.6
588,20.5
589,-6.2
590,4.4
591,6.1
592,-17.6
593,-49.5
594,-26.1
595,1.8
596,19.9
597,6.0
598,18.9
599,50.0
600,36.3
601,47.4
602,79.5
603,78.3
604,103.1
605,92.9
606,139.2
607,149.6
608,157.1
609,137.5
610,150.2
611,142.3
612,130.6
613,176.1
614,159.4
615,218.3
616,215.6
617,249.1
618,240.4
619,292.7
620,341.0
621,336.4
622,367.1
623,321.0
624,337.3
625,306.2
626,281.1
627,287.4
628,272.5
629,294.8
630,265.0
631,285.1
632,255.1
633,252.8
634,286.1
635,283.6
636,268.6
637,247.2
638,290.8
639,239.7
640,240.1
641,293.9
642,322.5
643,343.6
644,334.6
645,288.4
646,287.8
647,285.1
648,306.1
649,300.9
650,277.1
651,205.9
652,224.4
653,220.4
654,196.7
655,273.3
656,298.0
657,284.5
658,242.7
659,289.6
660,291.0
661,318.0
662,315.8
663,308.9
664,312.1
665,273.6
666,273.6
667,289.3
668,310.3
669,314.0
670,329.9
671,319.8
672,295.7
673,288.1
674,244.3
675,247.4
676,221.6
677,238.1
678,238.5
679,221.7
680,209.3
681,192.2
682,199.7
683,196.3
684,270.9
685,298.8
686,322.5
687,336.7
688,368.6
689,347.7
690,361.5
691,395.8
692,410.3
693,416.2
694,408.0
695,385.8
696,367.5
697,335.2
698,274.4
699,263.7
700,269.6
701,237.3
702,218.8
703,235.8
704,191.6
705,194.0
706,240.0
707,221.5
708,235.3
709,241.5
710,210.9
711,222.2
712,236.9
713,214.6
714,236.1
715,223.3
716,175.6
717,170.0
718,173.4
719,162.9
720,169.1
721,155.9
722,139.2
723,131.6
724,111.1
725,132.4
726,165.0
727,179.9
728,176.5
729,202.6
730,208.3
731,205.7
732,235.1
733,268.1
734,297.3
735,300.3
736,267.2
737,264.8
738,289.2
739,302.3
740,342.5
741,370.7
742,325.0
743,310.0
744,289.1
745,254.0
746,252.8
747,249.6
748,231.2
749,213.2
750,192.5
751,169.8
752,202.8
753,194.6
754,183.4
755,202.5
756,268.6
757,312.6
758,316.7
759,301.0
760,328.2
761,350.2
762,306.1
763,352.4
764,322.8
765,330.1
766,279.3
767,240.3
768,219.2
769,191.8
770,215.7
771,195.2
772,205.2
773,160.0
774,215.4
775,193.7
776,243.2
777,227.4
778,257.2
779,302.8
780,254.6
781,269.8
782,278.9
783,269.2
784,250.0
785,248.5
786,233.1
787,230.6
788,223.2
789,241.3
790,257.2
791,242.9
792,262.3
793,249.1
794,297.1
795,337.3
796,325.9
797,367.6
798,349.6
799,318.2
800,282.4
801,330.4
802,310.0
803,360.9
804,325.3
805,325.3
806,324.2
807,328.4
808,382.3
809,442.1
810,475.0
811,489.6
812,554.7
813,570.9
814,601.8
815,588.2
816,559.3
817,541.5
818,557.9
819,468.6
820,501.8
821,451.9
822,431.9
823,427.7
824,431.8
825,474.2
826,455.9
827,474.2
828,458.1
829,497.6
830,462.7
831,490.3
832,461.2
833,485.7
834,460.7
835,443.8
836,498.7
837,516.9
838,517.4
839,508.3
840,511.8
841,511.0
842,495.2
843,480.7
844,495.7
845,498.0
846,471.4
847,436.9
848,387.4
849,424.2
850,411.4
851,419.8
852,461.9
853,454.3
854,437.3
855,435.6
856,432.2
857,462.4
858,510.2
859,482.7
860,493.9
861,511.5
862,470.2
863,494.7
864,511.7
865,508.5
866,543.9
867,518.9
868,492.5
869,494.4
870,479.1
871,500.5
872,535.4
873,535.1
874,560.1
875,526.6
876,526.0
877,500.0
878,526.1
879,530.7
880,557.7
881,527.7
882,509.5
883,462.8
884,427.8
885,458.8
886,453.3
887,471.6
888,447.6
889,464.7
890,465.7
891,426.8
892,459.2
893,481.5
894,467.0
895,468.6
896,422.6
897,448.7
898,465.7
899,516.8
900,472.0
901,460.8
902,444.8
903,470.5
904,470.9
905,439.2
906,507.4
907,495.6
908,457.5
909,407.4
910,417.5
911,427.7
912,393.6
913,356.8
914,358.1
915,394.5
916,364.1
917,365.9
918,380.8
919,388.3
920,436.5
921,418.8
922,478.7
923,463.0
924,473.1
925,424.3
926,441.0
927,458.0
928,479.3
929,450.0
930,473.8
931,521.3
932,472.0
933,483.1
934,479.8
935,527.8
936,475.1
937,446.7
938,438.7
939,472.0
940,406.9
941,375.0
942,409.0
943,401.6
944,431.7
945,429.7
946,428.8
947,430.8
948,437.6
949,433.7
950,450.8
951,472.7
952,413.5
953,418.5
954,416.1
955,386.3
956,422.5
957,401.3
958,378.5
959,335.8
960,308.6
961,297.9
962,322.9
963,357.0
964,341.9
965,327.4
966,359.6
967,350.4
968,333.9
969,380.7
970,362.2
971,338.0
972,324.7
973,286.2
974,273.6
975,285.4
976,240.7
977,298.3
978,334.4
979,339.8
980,383.4
981,412.5
982,437.7
983,427.1
984,463.2
985,469.4
986,471.7
987,469.9
988,458.1
989,400.5
990,385.5
991,376.3
992,381.7
993,413.2
994,400.4
995,419.0
996,411.3
997,380.9
998,346.0
999,406.6
1000,397.0
1001,438.8
1002,472.2
1003,475.8
1004,444.3
1005,452.3
1006,503.8
1007,559.9
1008,644.9
1009,632.1
1010,683.5
1011,683.7
1012,654.6
1013,608.0
1014,667.3
1015,634.9
1016,594.5
1017,560.5
1018,528.5
1019,571.3
1020,574.6
1021,557.8
1022,524.3
1023,569.9
1024,563.0
1025,594.9
1026,610.2
1027,609.1
1028,631.6
1029,592.1
1030,568.0
1031,563.5
1032,597.0
1033,582.8
1034,566.3
1035,521.7
1036,495.9
1037,495.9
1038,480.5
1039,453.9
1040,483.0
1041,485.1
1042,460.7
1043,450.3
1044,431.0
1045,471.8
1046,471.9
1047,522.0
1048,529.9
1049,545.9
1050,520.7
1051,515.9
1052,568.9
1053,624.5
1054,643.7
1055,672.5
1056,708.6
1057,622.0
1058,610.5
1059,660.6
1060,615.4
1061,662.5
1062,643.9
1063,616.1
1064,632.0
1065,622.5
1066,634.3
1067,665.8
1068,684.2
1069,643.1
1070,664.6
1071,626.0
1072,612.6
1073,633.6
1074,641.2
1075,616.7
1076,623.9
1077,643.3
1078,647.3
1079,644.5
1080,670.0
1081,693.6
1082,724.6
1083,696.3
1084,646.9
1085,647.8
1086,640.7
1087,629.7
1088,611.9
1089,655.8
1090,654.1
1091,637.1
1092,639.3
1093,666.9
1094,699.3
1095,707.9
1096,710.2
1097,716.7
1098,723.6
1099,677.6
1100,679.6
1101,674.7
1102,658.5
1103,608.1
1104,618.8
1105,635.2
1106,635.9
1107,637.8
1108,651.8
1109,637.3
1110,651.2
1111,623.0
1112,614.5
1113,620.1
1114,641.4
1115,626.8
1116,590.2
1117,588.0
1118,591.0
1119,651.5
1120,675.7
1121,684.7
1122,694.7
1123,681.1
1124,608.2
1125,630.9
1126,664.7
1127,646.2
1128,640.7
1129,591.6
1130,570.7
1131,582.5
1132,592.8
1133,634.2
1134,666.2
1135,588.0
1136,611.9
1137,632.8
1138,588.0
1139,637.1
1140,637.3
1141,613.5
1142,615.6
1143,630.0
1144,637.9
1145,691.4
1146,652.9
1147,666.9
1148,682.1
1149,594.5
1150,572.5
1151,594.9
1152,576.1
1153,563.2
1154,532.5
1155,551.3
1156,521.7
1157,523.3
1158,553.4
1159,599.7
1160,575.5
1161,598.2
1162,602.0
1163,596.5
1164,641.2
1165,645.1
1166,673.5
1167,673.1
1168,649.1
1169,651.1
1170,677.9
1171,648.9
1172,670.5
1173,695.0
1174,675.6
1175,622.3
1176,614.2
1177,593.4
1178,612.3
1179,578.0
1180,618.1
1181,609.0
1182,531.8
1183,550.8
1184,589.2
1185,594.7
1186,620.3
1187,646.0
1188,640.1
1189,690.2
1190,666.9
1191,707.4
1192,711.2
1193,644.0
1194,600.7
1195,593.0
1196,569.3
1197,547.5
1198,548.5
1199,530.4
1200,538.7
1201,519.0
1202,587.1
1203,654.3
1204,697.6
1205,746.7
1206,792.6
1207,811.7
1208,805.0
1209,830.6
1210,845.6
1211,794.7
1212,790.9
1213,770.1
1214,731.1
1215,734.0
1216,687.6
1217,708.3
1218,745.0
1219,761.0
1220,720.4
1221,765.6
1222,790.7
1223,742.6
1224,712.0
1225,702.5
1226,698.8
1227,698.8
1228,698.8
1229,658.7
1230,681.3
1231,686.0
1232,664.9
1233,733.8
1234,782.6
1235,773.6
1236,823.7
1237,799.3
1238,784.3
1239,784.3
1240,741.8
1241,760.5
1242,716.5
1243,692.5
1244,647.1
1245,664.8
1246,664.8
1247,659.2
1248,649.7
1249,643.3
1250,671.8
1251,676.4
1252,741.5
1253,719.1
1254,760.2
1255,760.5
1256,736.9
1257,766.9
1258,741.9
1259,772.4
1260,787.4
1261,780.7
1262,709.9
1263,736.3
1264,737.4
1265,733.4
1266,741.0
1267,723.0
1268,747.4
1269,725.8
1270,708.8
1271,718.5
1272,789.3
1273,786.1
1274,759.9
1275,721.9
1276,698.5
1277,698.5
1278,680.5
1279,718.1
1280,752.1
1281,730.7
1282,713.7
1283,721.9
1284,749.6
1285,796.6
1286,836.0
1287,854.0
1288,897.1
1289,880.1
1290,865.1
1291,858.7
1292,815.6
1293,807.7
1294,830.2
1295,826.2
1296,794.2
1297,749.5
1298,724.4
1299,710.4
1300,709.4
1301,729.7
1302,721.9
1303,729.8
1304,705.3
1305,709.3
1306,741.3
1307,770.0
1308,778.1
1309,763.8
1310,779.8
1311,787.3
1312,855.2
1313,870.2
1314,873.8
1315,859.8
1316,859.8
1317,850.9
1318,842.8
1319,868.1
1320,846.5
1321,837.7
1322,837.7
1323,814.6
1324,803.5
1325,833.5
1326,833.5
1327,815.4
1328,823.5
1329,822.7
1330,807.3
1331,813.1
1332,813.1
1333,800.1
1334,811.4
1335,786.3
1336,746.1
1337,766.5
1338,762.8
1339,783.6
1340,778.5
1341,752.8
1342,728.6
1343,764.7
1344,763.6
1345,763.6
1346,803.8
1347,809.4
1348,830.1
1349,830.1
1350,829.8
1351,873.5
1352,882.7
1353,882.7
1354,904.5
1355,909.4
1356,884.8
1357,885.8
1358,864.2
1359,864.2
1360,890.6
1361,870.1
1362,885.1
1363,841.5
1364,820.6
1365,824.8
1366,811.5
1367,827.5
1368,834.1
1369,791.7
1370,775.7
1371,773.1
1372,705.5
1373,749.1
1374,755.0
1375,747.6
1376,720.4
1377,676.0
1378,613.0
1379,655.4
1380,648.1
1381,626.2
1382,673.8
1383,634.3
1384,599.2
1385,586.1
1386,629.4
1387,657.8
1388,692.2
1389,644.1
1390,640.7
1391,646.7
1392,650.7
1393,675.2
1394,706.3
1395,722.6
1396,694.3
1397,687.8
1398,692.3
1399,720.4
1400,739.9
1401,706.1
1402,722.1
1403,737.1
1404,741.1
1405,746.3
1406,774.5
1407,797.0
1408,815.4
1409,792.3
1410,791.4
1411,825.9
1412,794.9
1413,773.8
1414,788.8
1415,784.8
1416,806.7
1417,770.5
1418,770.0
1419,790.1
1420,767.2
1421,767.2
1422,761.3
1423,782.4
1424,782.4
1425,801.4
1426,801.4
1427,837.6
1428,858.8
1429,881.8
1430,904.9
1431,925.2
1432,962.1
1433,962.1
1434,962.1
1435,937.3
1436,912.7
1437,890.9
1438,866.8
1439,845.7
1440,847.2
1441,865.2
1442,840.7
1443,809.7
1444,759.6
1445,784.4
1446,809.0
1447,784.5
1448,793.6
1449,796.7
1450,795.2
1451,778.2
1452,787.7
1453,818.7
1454,868.8
1455,868.8
1456,846.5
1457,876.8
1458,875.8
1459,856.7
1460,880.6
1461,876.0
1462,891.0
1463,891.0
1464,891.0
1465,843.2
1466,849.5
1467,823.1
1468,818.1
1469,855.2
1470,838.2
1471,859.8
1472,859.8
1473,859.8
1474,859.8
1475,862.8
1476,856.8
1477,862.2
1478,868.2
1479,868.2
1480,842.8
1481,821.7
1482,805.7
1483,755.6
1484,735.3
1485,738.1
1486,760.1
1487,775.2
1488,772.2
1489,772.2
1490,799.6
1491,820.7
1492,797.1
1493,808.1
1494,811.4
1495,833.4
1496,800.4
1497,822.3
1498,840.3
1499,807.3
1500,797.2
1501,766.2
1502,805.8
1503,803.2
1504,805.2
1505,825.2
1506,858.2
1507,843.2
1508,828.2
1509,840.6
1510,865.7
1511,874.3
1512,874.3
1513,898.0
1514,871.3
1515,871.3
1516,810.2
1517,825.2
1518,824.2
1519,844.8
1520,821.2
1521,819.3
1522,819.3
1523,837.3
1524,845.0
1525,822.0
1526,860.1
1527,836.9
1528,852.9
1529,820.9
1530,802.4
1531,786.6
1532,786.6
1533,768.6
1534,781.9
1535,804.9
1536,783.7
1537,806.9
1538,791.9
1539,779.3
1540,805.4
1541,845.5
1542,845.5
1543,841.6
1544,847.3
1545,847.3
1546,845.1
1547,845.1
1548,860.1
1549,863.0
1550,857.7
1551,825.7
1552,825.7
1553,832.6
1554,847.6
1555,847.6
1556,850.3
1557,835.3
1558,795.1
1559,818.8
1560,815.6
1561,825.3
1562,825.3
1563,840.3
1564,840.3
1565,824.3
1566,868.0
1567,838.7
1568,863.9
1569,881.9
1570,883.8
1571,891.1
1572,874.1
1573,874.1
1574,874.1
1575,890.1
1576,890.1
1577,934.4
1578,934.4
1579,894.3
1580,916.9
1581,931.9
1582,928.5
1583,928.5
1584,904.0
1585,880.9
1586,838.1
1587,838.1
1588,838.1
1589,847.2
1590,847.2
1591,781.1
1592,801.5
1593,786.5
1594,796.0
1595,795.5
1596,800.0
1597,774.9
1598,768.2
1599,799.2
1600,799.2
1601,865.3
1602,865.3
1603,880.3
1604,871.3
1605,894.9
1606,918.2
1607,901.1
1608,922.8
1609,922.8
1610,922.8
1611,922.8
1612,922.8
1613,922.8
1614,896.7
1615,864.7
1616,879.7
1617,921.9
1618,921.9
1619,921.9
1620,906.9
1621,886.5
1622,866.3
1623,866.3
1624,899.4
1625,908.8
1626,908.8
1627,908.8
1628,892.8
1629,892.8
1630,907.8
1631,913.2
1632,918.4
1633,918.4
1634,935.4
1635,958.0
1636,958.0
1637,928.0
1638,927.0
1639,927.0
1640,886.9
1641,869.9
1642,884.9
1643,884.9
1644,869.9
1645,851.9
1646,851.9
1647,881.9
1648,898.9
1649,878.9
1650,904.0
1651,936.0
1652,936.0
1653,936.0
1654,925.9
1655,943.9
1656,943.9
1657,928.9
1658,928.9
1659,930.9
1660,945.9
1661,945.9
1662,945.9
1663,928.9
1664,954.0
1665,939.0
1666,907.0
1667,922.0
1668,922.0
1669,940.0
1670,914.9
1671,914.9
1672,914.9
1673,911.9
1674,888.7
1675,903.7
1676,935.7
1677,913.5
1678,913.5
1679,888.4
1680,875.6
1681,858.6
1682,858.6
1683,863.6
1684,886.8
1685,865.0
1686,849.0
1687,871.2
1688,856.2
1689,881.3
1690,919.2
1691,936.2
1692,936.2
1693,951.2
1694,921.2
1695,943.0
1696,959.0
1697,943.0
1698,920.8
1699,897.9
1700,897.9
1701,897.9
1702,897.9
1703,882.9
1704,893.9
1705,893.9
1706,893.9
1707,886.3
1708,923.5
1709,926.3
1710,926.3
1711,911.3
1712,880.3
1713,895.3
1714,914.3
1715,914.3
1716,890.3
1717,913.9
1718,913.9
1719,934.0
1720,916.0
1721,931.0
1722,962.0
1723,947.0
1724,947.0
1725,947.0
1726,971.0
1727,948.7
1728,918.7
1729,918.7
1730,936.7
1731,914.4
1732,899.4
1733,914.4
1734,914.4
1735,914.4
1736,864.3
1737,864.1
1738,894.1
1739,894.1
1740,878.1
1741,900.4
1742,915.4
1743,915.4
1744,915.4
1745,915.4
1746,965.5
1747,964.3
1748,941.9
1749,941.9
1750,957.9
1751,940.9
1752,940.9
1753,940.9
1754,940.9
1755,940.9
1756,923.9
1757,926.4
1758,948.8
1759,927.7
1760,903.6
1761,897.9
1762,882.9
1763,863.9
1764,832.9
1765,832.9
1766,826.1
1767,847.3
1768,847.3
1769,853.4
1770,877.5
1771,900.2
1772,915.2
1773,892.8
1774,923.8
1775,886.8
1776,910.6
1777,910.6
1778,889.9
1779,904.9
1780,904.9
1781,904.9
1782,904.9
1783,946.3
1784,908.8
1785,945.8
1786,922.7
1787,922.7
1788,943.4
1789,943.4
1790,921.8
1791,901.7
1792,901.7
1793,901.7
1794,916.3
1795,916.3
1796,905.4
1797,890.4
1798,890.4
1799,890.4
1800,912.0
1801,908.7
1802,908.7
1803,893.7
1804,916.6
1805,916.6
1806,950.6
1807,965.6
1808,965.6
1809,965.6
1810,965.6
1811,974.0
1812,974.0
1813,989.0
1814,989.0
1815,953.0
1816,953.0
1817,953.0
1818,937.0
1819,937.0
1820,937.0
1821,937.0
1822,937.0
1823,922.0
1824,922.0
1825,958.0
1826,933.6
1827,933.6
1828,949.6
1829,949.6
1830,949.6
1831,964.6
1832,964.6
1833,979.6
1834,979.6
1835,979.6
1836,1004.0
1837,1004.0
1838,989.0
1839,989.0
1840,967.0
1841,967.0
1842,952.0
1843,952.0
1844,929.0
1845,929.0
1846,907.8
1847,907.8
1848,922.8
1849,922.8
1850,944.8
1851,944.8
1852,959.8
1853,959.8
1854,982.8
1855,982.8
1856,956.8
1857,956.8
1858,956.8
1859,956.8
1860,956.8
1861,956.8
1862,956.8
1863,956.8
1864,916.6
1865,876.7
1866,923.9
1867,923.9
1868,923.9
1869,908.9
1870,908.9
1871,908.9
1872,908.9
1873,908.9
1874,934.1
1875,974.0
1876,974.0
1877,955.0
1878,955.0
1879,946.8
1880,946.8
1881,931.8
1882,931.8
1883,931.8
1884,922.8
1885,897.7
1886,897.7
1887,916.7
1888,916.7
1889,918.2
1890,918.2
1891,933.2
1892,933.2
1893,933.2
1894,933.3
1895,943.4
1896,943.4
1897,893.3
1898,893.3
1899,915.0
1900,876.9
1901,855.3
1902,840.3
1903,825.3
1904,849.2
1905,843.6
1906,843.6
1907,851.7
1908,851.7
1909,851.7
1910,870.8
1911,892.4
1912,892.4
1913,907.4
1914,907.4
1915,928.0
1916,907.9
1917,949.9
1918,949.9
1919,949.9
1920,968.9
1921,968.9
1922,983.9
1923,983.9
1924,983.9
1925,983.9
1926,1004.0
1927,989.0
1928,945.1
1929,945.1
1930,928.1
1931,928.1
1932,884.0
1933,884.0
1934,869.0
1935,869.0
1936,869.0
1937,884.0
1938,927.9
1939,927.9
1940,944.9
1941,944.9
1942,989.0
1943,989.0
1944,1004.0
1945,1004.0
1946,1004.0
1947,970.0
1948,955.0
1949,955.0
1950,955.0
1951,914.1
1952,914.1
1953,914.1
1954,899.1
1955,899.1
1956,884.1
1957,901.1
1958,898.1
1959,898.1
1960,898.1
1961,939.0
1962,939.0
1963,939.0
1964,954.0
1965,954.0
1966,969.0
1967,962.5
1968,980.5
1969,980.5
1970,980.5
1971,965.5
1972,965.5
1973,965.5
1974,965.5
1975,947.5
1976,923.0
1977,946.5
1978,946.5
1979,946.5
1980,946.5
1981,961.5
1982,961.5
1983,919.9
1984,919.9
1985,937.9
1986,962.4
1987,962.4
1988,942.4
1989,942.4
1990,942.4
1991,942.4
1992,922.4
1993,942.8
1994,942.8
1995,942.8
1996,942.8
1997,917.7
1998,937.7
1999,937.7
2000,937.7
2001,937.7
2002,957.7
2003,978.9
2004,978.9
2005,978.9
2006,978.9
2007,989.0
2008,989.0
2009,989.0
2010,989.0
2011,989.0
2012,989.0
2013,989.0
2014,989.0
2015,967.9
2016,967.9
2017,982.9
2018,958.6
2019,958.6
2020,958.6
2021,958.6
2022,958.6
2023,958.6
2024,943.6
2025,964.7
2026,964.7
2027,941.7
2028,966.0
2029,966.0
2030,951.0
2031,951.0
2032,951.0
2033,926.6
2034,941.6
2035,920.7
2036,920.7
2037,928.7
2038,928.7
2039,889.6
2040,904.6
2041,883.7
2042,883.7
2043,908.1
2044,908.1
2045,929.0
2046,914.0
2047,929.0
2048,929.0
2049,968.1
2050,968.1
2051,950.8
2052,950.8
2053,950.8
2054,950.8
2055,928.1
2056,899.9
2057,899.9
2058,884.9
2059,869.9
2060,853.9
2061,892.1
2062,892.1
2063,872.1
2064,872.1
2065,894.8
2066,938.0
2067,923.0
2068,938.0
2069,953.0
2070,969.0
2071,969.0
2072,969.0
2073,989.0
2074,989.0
2075,989.0
2076,989.0
2077,1004.0
2078,1004.0
2079,1004.0
2080,1004.0
2081,967.3
2082,967.3
2083,967.3
2084,945.0
2085,927.0
2086,894.0
2087,894.0
2088,894.0
2089,894.0
2090,894.0
2091,930.7
2092,930.7
2093,930.7
2094,953.0
2095,947.0
2096,955.5
2097,933.2
2098,912.6
2099,912.6
2100,912.6
2101,912.6
2102,912.6
2103,891.2
2104,876.2
2105,900.2
2106,903.1
2107,925.4
2108,946.0
2109,946.0
2110,946.0
2111,946.0
2112,946.0
2113,949.4
2114,964.4
2115,939.3
2116,960.9
2117,960.9
2118,960.9
2119,960.9
2120,960.9
2121,960.9
2122,960.9
2123,978.9
2124,978.9
2125,985.0
2126,985.0
2127,960.2
2128,960.2
2129,960.2
2130,945.2
2131,945.2
2132,945.2
2133,945.2
2134,945.2
2135,943.9
2136,943.9
2137,968.7
2138,968.7
2139,968.7
2140,983.7
2141,962.8
2142,962.8
2143,945.8
2144,930.8
2145,951.1
2146,951.1
2147,951.1
2148,951.1
2149,951.1
2150,951.1
2151,950.7
2152,950.7
2153,943.7
2154,958.7
2155,958.7
2156,958.7
2157,958.7
2158,958.7
2159,937.0
2160,937.0
2161,942.3
2162,942.3
2163,966.3
2164,966.3
2165,945.3
2166,945.3
2167,945.3
2168,923.4
2169,945.1
2170,945.1
2171,961.1
2172,944.1
2173,944.1
2174,944.1
2175,950.1
2176,950.1
2177,950.1
2178,972.0
2179,972.0
2180,972.0
2181,972.0
2182,989.0
2183,969.0
2184,928.9
2185,943.9
2186,943.9
2187,928.9
2188,909.9
2189,909.9
2190,909.9
2191,909.9
2192,909.9
2193,908.4
2194,933.5
2195,883.4
2196,883.4
2197,898.4
2198,917.4
2199,895.3
2200,895.3
2201,880.3
2202,880.3
2203,901.8
2204,916.8
2205,966.9
2206,951.9
2207,951.9
2208,951.9
2209,974.0
2210,974.0
2211,967.1
2212,967.1
2213,967.1
2214,945.9
2215,905.2
2216,895.7
2217,875.7
2218,875.7
2219,855.4
2220,855.4
2221,877.3
2222,877.3
2223,877.3
2224,898.5
2225,939.2
2226,915.6
2227,935.6
2228,935.6
2229,955.9
2230,955.9
2231,935.8
2232,935.8
2233,935.8
2234,914.5
2235,914.5
2236,941.5
2237,920.2
2238,920.2
2239,905.2
2240,905.2
2241,925.3
2242,882.1
2243,882.1
2244,903.4
2245,886.4
2246,907.5
2247,908.6
2248,908.6
2249,906.6
2250,865.8
2251,865.8
2252,909.0
2253,886.2
2254,886.2
2255,903.2
2256,903.2
2257,880.4
2258,880.4
2259,854.2
2260,871.1
2261,856.1
2262,856.1
2263,843.9
2264,843.9
2265,843.9
2266,803.6
2267,846.6
2268,846.6
2269,889.8
2270,913.7
2271,892.6
2272,892.6
2273,890.6
2274,873.6
2275,823.4
2276,863.7
2277,846.7
2278,846.7
2279,846.7
2280,846.7
2281,882.8
2282,867.8
2283,904.8
2284,921.8
2285,972.0
2286,972.0
2287,989.0
2288,967.9
2289,967.9
2290,967.9
2291,967.9
2292,982.9
2293,982.9
2294,982.9
2295,962.9
2296,962.9
2297,962.9
2298,964.0
2299,964.0
2300,964.0
2301,940.6
2302,922.6
2303,922.6
2304,922.6
2305,942.6
2306,942.6
2307,925.6
2308,945.6
2309,930.6
2310,930.6
2311,954.0
2312,939.0
2313,939.0
2314,939.0
2315,939.0
2316,924.0
2317,941.0
2318,916.8
2319,911.7
2320,911.7
2321,867.1
2322,859.0
2323,859.0
2324,859.0
2325,859.0
2326,874.0
2327,874.0
2328,861.2
2329,881.3
2330,881.3
2331,925.9
2332,944.8
2333,899.2
2334,878.9
2335,878.9
2336,878.9
2337,878.9
2338,895.0
2339,874.6
2340,874.6
2341,874.6
2342,896.8
2343,922.0
2344,942.3
2345,926.3
2346,901.5
2347,853.8
2348,874.7
2349,873.4
2350,856.4
2351,856.4
2352,834.7
2353,855.1
2354,855.1
2355,838.1
2356,862.9
2357,872.6
2358,851.3
2359,873.0
2360,867.7
2361,867.7
2362,889.4
2363,867.2
2364,842.1
2365,875.1
2366,875.1
2367,913.1
2368,934.4
2369,934.4
2370,956.7
2371,956.7
2372,956.7
2373,978.9
2374,1004.0
2375,1004.0
2376,1004.0
2377,1004.0
2378,1004.0
2379,1004.0
2380,1004.0
2381,1004.0
2382,1004.0
2383,1004.0
2384,989.0
2385,972.0
2386,927.9
2387,927.9
2388,894.9
2389,894.9
2390,894.9
2391,894.9
2392,871.9
2393,871.9
2394,862.1
2395,846.1
2396,890.2
2397,890.2
2398,923.2
2399,923.2
2400,923.2
2401,908.2
2402,931.2
2403,910.6
2404,893.6
2405,887.6
2406,855.6
2407,855.6
2408,855.6
2409,855.6
2410,855.6
2411,870.6
2412,855.6
2413,876.2
2414,918.0
2415,941.0
2416,973.0
2417,973.0
2418,957.0
2419,957.0
2420,957.0
2421,957.0
2422,952.0
2423,931.1
2424,931.1
2425,947.1
2426,947.1
2427,947.1
2428,963.1
2429,963.1
2430,963.1
2431,922.0
2432,942.0
2433,962.9
2434,962.9
2435,942.9
2436,911.9
2437,911.9
2438,911.9
2439,911.9
2440,911.9
2441,953.0
2442,953.0
2443,953.0
2444,953.0
2445,932.6
2446,963.6
2447,963.6
2448,947.6
2449,947.6
2450,947.6
2451,947.6
2452,926.3
2453,926.3
2454,908.3
2455,948.7
2456,924.7
2457,924.7
2458,940.7
2459,940.7
2460,940.7
2461,940.7
2462,962.0
2463,962.0
2464,980.0
2465,980.0
2466,1004.0
2467,983.4
2468,966.4
2469,966.4
2470,966.4
2471,966.4
2472,966.4
2473,966.4
2474,966.4
2475,945.3
2476,945.3
2477,931.9
2478,948.9
2479,908.0
2480,892.0
2481,892.0
2482,892.0
2483,871.3
2484,871.3
2485,877.4
2486,877.4
2487,911.4
2488,895.4
2489,936.3
2490,952.3
2491,952.3
2492,952.3
2493,973.0
2494,973.0
2495,988.0
2496,988.0
2497,988.0
2498,1004.0
2499,983.4
2500,933.8
2501,912.4
2502,912.4
2503,912.4
2504,882.4
2505,882.4
2506,857.3
2507,857.3
2508,833.5
2509,820.1
2510,869.7
2511,891.1
2512,891.1
2513,891.1
2514,871.0
2515,871.0
2516,896.1
2517,896.1
2518,919.9
2519,953.9
2520,953.9
2521,953.9
2522,953.9
2523,930.9
2524,981.0
2525,981.0
2526,981.0
2527,966.0
2528,944.2
2529,944.2
2530,928.2
2531,910.2
2532,895.2
2533,918.2
2534,918.2
2535,918.2
2536,918.2
2537,933.2
2538,955.0
2539,955.0
2540,949.7
2541,967.7
2542,962.2
2543,962.2
2544,962.2
2545,962.2
2546,945.2
2547,945.2
2548,945.2
2549,945.2
2550,966.5
2551,966.5
2552,987.0
2553,987.0
2554,987.0
2555,987.0
2556,1004.0
2557,1004.0
2558,982.9
2559,982.9
2560,982.9
2561,982.9
2562,982.9
2563,982.9
2564,982.9
2565,982.9
2566,961.6
2567,961.6
2568,982.7
2569,982.7
2570,982.7
2571,963.7
2572,963.7
2573,946.7
2574,926.1
2575,926.1
2576,925.9
2577,925.9
2578,925.9
2579,902.8
2580,902.8
2581,921.8
2582,921.8
2583,938.8
2584,959.4
2585,959.4
2586,980.9
2587,980.9
2588,980.9
2589,986.0
2590,964.6
2591,964.6
2592,964.6
2593,941.7
2594,920.7
2595,920.7
2596,882.7
2597,882.7
2598,882.7
2599,859.8
2600,859.7
2601,859.7
2602,859.7
2603,882.6
2604,887.6
2605,887.6
2606,908.6
2607,908.6
2608,908.6
2609,949.5
2610,971.0
2611,971.0
2612,971.0
2613,971.0
2614,987.0
2615,987.0
2616,1004.0
2617,1004.0
2618,1004.0
2619,982.9
2620,961.7
2621,961.7
2622,961.7
2623,961.7
2624,961.7
2625,961.7
2626,946.7
2627,946.7
2628,946.7
2629,967.8
2630,989.0
2631,989.0
2632,974.0
2633,974.0
2634,974.0
2635,974.0
2636,964.7
2637,964.7
2638,964.7
2639,964.7
2640,949.7
2641,934.7
2642,949.7
2643,949.7
2644,949.7
2645,907.9
2646,932.2
2647,912.0
2648,897.0
2649,871.9
2650,886.9
2651,863.8
2652,863.8
2653,823.7
2654,823.7
2655,849.5
2656,833.5
2657,853.7
2658,823.8
2659,823.8
2660,823.8
2661,839.2
2662,824.2
2663,842.6
2664,842.6
2665,858.6
2666,874.6
2667,874.6
2668,919.5
2669,944.6
2670,919.5
2671,920.2
2672,935.2
2673,920.5
2674,904.5
2675,889.5
2676,889.5
2677,889.5
2678,889.5
2679,872.5
2680,897.6
2681,919.6
2682,898.4
2683,934.8
2684,930.5
2685,945.5
2686,921.0
2687,896.8
2688,879.8
2689,856.7
2690,856.7
2691,856.7
2692,877.9
2693,877.9
2694,868.2
2695,868.2
2696,892.7
2697,916.9
2698,901.9
2699,942.0
2700,942.0
2701,942.0
2702,910.0
2703,910.0
2704,940.0
2705,940.0
2706,940.0
2707,940.0
2708,972.0
2709,972.0
2710,957.0
2711,957.0
2712,989.0
2713,989.0
2714,989.0
2715,989.0
2716,953.0
2717,953.0
2718,929.0
2719,929.0
2720,944.0
2721,944.0
2722,944.0
2723,907.5
2724,891.5
2725,891.5
2726,927.5
2727,927.5
2728,951.5
2729,936.5
2730,936.5
2731,936.5
2732,913.1
2733,949.6
2734,965.6
2735,965.6
2736,965.6
2737,965.6
2738,949.6
2739,964.6
2740,964.6
2741,964.6
2742,956.0
2743,931.2
2744,931.2
2745,931.2
2746,931.2
2747,931.2
2748,898.0
2749,898.0
2750,898.0
2751,898.0
2752,930.0
2753,954.8
2754,954.8
2755,954.8
2756,930.3
2757,930.3
2758,979.5
2759,954.5
2760,930.0
2761,930.0
2762,930.0
2763,930.0
2764,930.0
2765,912.0
2766,915.6
2767,915.6
2768,915.6
2769,940.6
2770,965.1
2771,965.1
2772,947.1
2773,947.1
2774,947.1
2775,922.5
2776,943.4
2777,919.4
2778,919.4
2779,904.4
2780,904.4
2781,904.4
2782,905.4
2783,905.4
2784,905.4
2785,948.0
2786,933.0
2787,957.0
2788,957.0
2789,972.0
2790,972.0
2791,972.0
2792,989.0
2793,974.0
2794,974.0
2795,952.5
2796,943.8
2797,943.8
2798,943.8
2799,895.3
2800,872.2
2801,854.2
2802,854.2
2803,824.5
2804,824.5
2805,846.0
2806,850.7
2807,850.7
2808,830.2
2809,878.7
2810,864.9
2811,859.3
2812,859.3
2813,886.0
2814,886.0
2815,886.0
2816,905.0
2817,905.0
2818,925.5
2819,903.0
2820,939.9
2821,944.5
2822,944.5
2823,962.5
2824,945.5
2825,945.5
2826,945.5
2827,945.5
2828,926.5
2829,949.0
2830,949.0
2831,968.0
2832,968.0
2833,968.0
2834,967.0
2835,967.0
2836,967.0
2837,967.0
2838,986.0
2839,986.0
2840,986.0
2841,986.0
2842,986.0
2843,964.9
2844,982.9
2845,982.9
2846,982.9
2847,967.9
2848,967.9
2849,967.9
2850,947.5
2851,947.5
2852,947.5
2853,950.6
2854,950.6
2855,950.6
2856,934.6
2857,949.6
2858,932.6
2859,932.6
2860,953.0
2861,953.0
2862,953.0
2863,971.0
2864,929.5
2865,929.5
2866,945.5
2867,945.5
2868,962.5
2869,962.5
2870,921.2
2871,921.2
2872,921.2
2873,899.9
2874,919.6
2875,919.6
2876,875.6
2877,875.6
2878,875.6
2879,875.6
2880,916.9
2881,916.9
2882,896.9
2883,918.2
2884,940.0
2885,940.0
2886,984.0
2887,984.0
2888,968.0
2889,968.0
2890,968.0
2891,968.0
2892,970.0
2893,953.0
2894,953.0
2895,953.0
2896,953.0
2897,930.9
2898,946.9
2899,946.9
2900,946.9
2901,926.3
2902,924.3
2903,941.3
2904,920.2
2905,920.2
2906,920.2
2907,942.3
2908,921.3
2909,921.3
2910,904.3
2911,924.9
2912,924.7
2913,886.4
2914,887.3
2915,887.3
2916,871.3
2917,871.3
2918,852.1
2919,831.9
2920,848.9
2921,825.7
2922,825.6
2923,845.9
2924,845.0
2925,845.0
2926,861.0
2927,844.0
2928,869.2
2929,870.4
2930,870.4
2931,893.6
2932,892.6
2933,869.3
2934,890.4
2935,890.4
2936,890.4
2937,886.3
2938,901.3
2939,899.0
2940,878.9
2941,863.9
2942,864.2
2943,905.5
2944,881.4
2945,881.4
2946,860.9
2947,882.0
2948,867.0
2949,888.3
2950,908.4
2951,923.4
2952,929.4
2953,929.4
2954,953.5
2955,953.5
2956,958.0
2957,943.0
2958,958.0
2959,942.0
2960,919.7
2961,895.4
2962,889.4
2963,889.4
2964,873.4
2965,873.4
2966,864.9
2967,879.9
2968,879.9
2969,880.9
2970,903.2
2971,905.8
2972,926.8
2973,926.8
2974,942.8
2975,926.8
2976,951.3
2977,906.1
2978,906.1
2979,906.1
2980,906.1
2981,927.8
2982,927.8
2983,927.8
2984,927.8
2985,943.8
2986,943.8
2987,974.0
2988,974.0
2989,989.0
2990,989.0
2991,954.0
2992,932.3
2993,932.3
2994,932.3
2995,894.2
2996,871.8
2997,886.8
2998,886.8
2999,852.8
3000,852.8
3001,869.8
3002,876.5
3003,845.5
3004,845.5
3005,860.9
3006,883.3
3007,883.3
3008,883.3
3009,917.3
3010,897.3
3011,915.3
3012,930.3
3013,940.9
3014,940.9
3015,939.1
3016,939.1
3017,922.1
3018,906.1
3019,906.1
3020,926.1
3021,887.1
3022,887.1
3023,907.5
3024,907.5
3025,917.0
3026,917.0
3027,908.9
3028,907.9
3029,887.0
3030,887.0
3031,909.0
3032,879.0
3033,858.5
3034,858.5
3035,858.5
3036,843.5
3037,868.6
3038,885.6
3039,891.5
3040,870.1
3041,887.1
3042,917.1
3043,937.6
3044,937.6
3045,937.6
3046,934.6
3047,934.6
3048,934.6
3049,949.6
3050,927.1
3051,927.1
3052,927.1
3053,927.1
3054,927.1
3055,942.1
3056,937.8
3057,916.6
3058,916.6
3059,896.0
3060,939.9
3061,939.9
3062,924.9
3063,924.9
3064,902.7
3065,902.7
3066,901.7
3067,922.9
3068,907.9
3069,928.5
3070,928.5
3071,928.5
3072,928.5
3073,928.5
3074,950.7
3075,950.7
3076,935.7
3077,935.7
3078,950.7
3079,950.7
3080,927.2
3081,927.2
3082,942.2
3083,942.2
3084,942.2
3085,942.2
3086,980.5
3087,980.5
3088,980.5
3089,980.5
3090,1004.0
3091,1004.0
3092,972.0
3093,972.0
3094,972.0
3095,972.0
3096,949.5
3097,949.5
3098,933.5
3099,933.5
3100,897.4
3101,859.6
3102,891.6
3103,891.6
3104,891.6
3105,891.6
3106,914.1
3107,914.1
3108,888.2
3109,872.2
3110,887.2
3111,925.0
3112,925.0
3113,910.0
3114,910.0
3115,895.0
3116,895.0
3117,895.0
3118,936.9
3119,932.9
3120,939.0
3121,899.5
3122,899.5
3123,914.5
3124,914.5
3125,929.5
3126,929.5
3127,929.5
3128,929.5
3129,949.5
3130,945.5
3131,963.3
3132,963.3
3133,963.3
3134,942.9
3135,942.9
3136,942.9
3137,898.7
3138,898.7
3139,898.7
3140,917.7
3141,939.4
3142,939.4
3143,924.4
3144,929.8
3145,907.7
3146,885.7
3147,929.9
3148,929.9
3149,929.9
3150,909.3
3151,909.3
3152,909.3
3153,924.3
3154,922.3
3155,944.4
3156,945.2
3157,945.2
3158,920.5
3159,920.5
3160,941.1
3161,941.1
3162,924.1
3163,909.1
3164,911.1
3165,911.1
3166,932.3
3167,932.3
3168,942.0
3169,925.0
3170,925.0
3171,909.0
3172,926.0
3173,941.0
3174,940.0
3175,940.0
3176,922.0
3177,901.4
3178,901.4
3179,894.7
3180,871.5
3181,887.5
3182,887.5
3183,887.5
3184,903.5
3185,903.5
3186,901.0
3187,906.6
3188,921.6
3189,928.3
3190,951.5
3191,951.5
3192,951.5
3193,951.5
3194,951.5
3195,951.5
3196,956.0
3197,971.0
3198,971.0
3199,972.0
3200,972.0
3201,972.0
3202,972.0
3203,972.0
3204,972.0
3205,957.0
3206,973.0
3207,948.4
3208,948.4
3209,964.4
3210,964.4
3211,945.4
3212,945.4
3213,945.4
3214,922.4
3215,937.4
3216,937.4
3217,962.0
3218,962.0
3219,962.0
3220,941.9
3221,960.9
3222,960.9
3223,938.1
3224,943.1
3225,899.1
3226,899.1
3227,899.1
3228,899.1
3229,899.1
3230,919.2
3231,879.0
3232,879.0
3233,901.8
3234,919.8
3235,941.1
3236,926.1
3237,926.1
3238,926.1
3239,926.1
3240,926.1
3241,966.3
3242,966.3
3243,966.3
3244,966.3
3245,989.0
3246,982.3
3247,982.3
3248,982.3
3249,939.7
3250,939.7
3251,939.7
3252,919.7
3253,919.7
3254,919.7
3255,919.7
3256,941.4
3257,941.4
3258,941.4
3259,984.0
3260,984.0
3261,969.0
3262,972.0
3263,949.5
3264,949.5
3265,912.5
3266,912.5
3267,876.1
3268,854.0
3269,821.0
3270,801.0
3271,791.6
3272,808.6
3273,831.1
3274,831.1
3275,846.5
3276,827.5
3277,863.9
3278,886.0
3279,919.0
3280,939.0
3281,963.4
3282,963.4
3283,963.4
3284,948.4
3285,970.0
3286,989.0
3287,989.0
3288,989.0
3289,974.0
3290,974.0
3291,974.0
3292,974.0
3293,950.2
3294,944.8
3295,944.8
3296,944.8
3297,929.8
3298,908.0
3299,923.0
3300,898.4
3301,877.7
3302,877.7
3303,901.5
3304,901.6
3305,901.6
3306,901.6
3307,916.6
3308,938.4
3309,923.4
3310,948.0
3311,968.7
3312,968.7
3313,968.7
3314,989.0
3315,989.0
3316,989.0
3317,989.0
3318,989.0
3319,1004.0
3320,1004.0
3321,1004.0
3322,1004.0
3323,989.0
3324,989.0
3325,989.0
3326,989.0
3327,989.0
3328,974.0
3329,974.0
3330,974.0
3331,959.0
3332,959.0
3333,974.0
3334,956.0
3335,934.6
3336,914.6
3337,895.6
3338,910.6
3339,910.6
3340,910.6
3341,904.3
3342,904.3
3343,904.3
3344,922.3
3345,923.2
3346,943.2
3347,962.2
3348,962.2
3349,962.2
3350,962.2
3351,961.8
3352,961.8
3353,961.8
3354,937.0
3355,957.5
3356,942.5
3357,917.4
3358,917.4
3359,917.4
3360,897.1
3361,873.8
3362,873.8
3363,873.8
3364,898.6
3365,898.6
3366,913.6
3367,923.7
3368,882.6
3369,882.6
3370,902.9
3371,927.8
3372,927.8
3373,927.8
3374,927.8
3375,927.8
3376,927.8
3377,942.8
3378,948.3
3379,948.3
3380,948.3
3381,918.3
3382,918.3
3383,895.8
3384,895.8
3385,874.7
3386,874.7
3387,858.7
3388,894.3
3389,894.3
3390,873.2
3391,923.3
3392,923.3
3393,945.8
3394,922.0
3395,922.7
3396,922.7
3397,938.7
3398,938.7
3399,938.7
3400,959.8
3401,959.8
3402,959.8
3403,919.4
3404,943.2
3405,923.5
3406,923.5
3407,923.5
3408,906.5
3409,906.5
3410,888.5
3411,866.4
3412,866.4
3413,886.6
3414,886.6
3415,926.7
3416,926.7
3417,926.7
3418,943.7
3419,943.7
3420,961.7
3421,967.8
3422,967.8
3423,973.0
3424,973.0
3425,958.0
3426,958.0
3427,943.0
3428,943.0
3429,943.0
3430,943.0
3431,959.0
3432,959.0
3433,932.0
3434,932.0
3435,947.0
3436,929.0
3437,929.0
3438,929.0
3439,907.6
3440,907.6
3441,907.6
3442,891.6
3443,890.5
3444,868.0
3445,851.0
3446,869.0
3447,884.0
3448,866.0
3449,865.9
3450,845.9
3451,845.9
3452,861.9
3453,890.0
3454,896.5
3455,913.5
3456,913.5
3457,913.5
3458,931.5
3459,938.0
3460,935.3
3461,935.3
3462,935.3
3463,950.3
3464,966.3
3465,966.3
3466,966.3
3467,921.9
3468,921.9
3469,936.9
3470,937.1
3471,937.1
3472,922.1
3473,922.1
3474,922.1
3475,899.9
3476,899.9
3477,944.3
3478,903.8
3479,903.8
3480,926.3
3481,926.3
3482,941.3
3483,921.2
3484,921.2
3485,896.1
3486,876.0
3487,876.0
3488,916.5
3489,916.5
3490,916.5
3491,916.5
3492,916.5
3493,936.6
3494,921.6
3495,968.9
3496,973.0
3497,973.0
3498,973.0
3499,973.0
3500,973.0
3501,973.0
3502,947.9
3503,932.9
3504,914.9
3505,914.9
3506,930.9
3507,930.9
3508,930.9
3509,930.9
3510,930.9
3511,930.9
3512,937.0
3513,952.0
3514,985.0
3515,985.0
3516,985.0
3517,985.0
3518,969.0
3519,969.0
3520,969.0
3521,969.0
3522,937.9
3523,921.9
3524,921.9
3525,881.3
3526,881.3
3527,860.2
3528,876.2
3529,855.2
3530,855.2
3531,855.2
3532,884.2
3533,900.2
3534,882.2
3535,901.1
3536,901.1
3537,922.2
3538,907.2
3539,928.2
3540,913.2
3541,913.2
3542,934.3
3543,909.2
3544,927.2
3545,948.9
3546,948.9
3547,933.9
3548,948.9
3549,948.9
3550,942.1
3551,942.1
3552,942.1
3553,944.7
3554,929.7
3555,929.7
3556,929.7
3557,944.7
3558,944.7
3559,944.7
3560,966.5
3561,966.5
3562,925.1
3563,947.6
3564,962.6
3565,962.6
3566,945.6
3567,945.6
3568,945.6
3569,914.6
3570,895.6
3571,876.6
3572,902.0
3573,902.0
3574,902.0
3575,887.0
3576,904.0
3577,904.0
3578,904.0
3579,935.0
3580,954.0
3581,973.0
3582,948.8
3583,948.8
3584,926.5
3585,941.5
3586,926.5
3587,926.5
3588,926.5
3589,926.5
3590,926.5
3591,926.5
3592,966.7
3593,966.7
3594,989.0
3595,989.0
3596,1004.0
3597,989.0
3598,989.0
3599,989.0
3600,989.0
3601,989.0
3602,989.0
3603,965.8
3604,922.9
3605,922.9
3606,922.9
3607,891.2
3608,866.1
3609,866.1
3610,866.1
3611,866.1
3612,866.1
3613,871.3
3614,914.2
3615,898.2
3616,898.2
3617,944.9
3618,970.0
3619,947.0
3620,947.0
3621,947.0
3622,923.5
3623,924.5
3624,908.5
3625,924.5
3626,924.5
3627,924.5
3628,924.5
3629,947.5
3630,947.5
3631,947.5
3632,971.0
3633,988.0
3634,1004.0
3635,961.4
3636,938.0
3637,938.0
3638,938.0
3639,938.0
3640,938.0
3641,938.0
3642,923.0
3643,923.0
3644,904.0
3645,946.6
3646,970.0
3647,970.0
3648,955.0
3649,931.6
3650,931.6
3651,931.6
3652,908.4
3653,891.4
3654,910.4
3655,910.4
3656,895.4
3657,874.9
3658,874.9
3659,898.3
3660,898.3
3661,883.3
3662,921.5
3663,938.5
3664,916.5
3665,891.8
3666,906.8
3667,927.3
3668,942.3
3669,942.3
3670,922.1
3671,937.1
3672,937.1
3673,937.1
3674,943.1
3675,951.8
3676,951.8
3677,951.8
3678,951.8
3679,936.8
3680,957.0
3681,957.0
3682,957.0
3683,957.0
3684,973.0
3685,989.0
3686,989.0
3687,989.0
3688,973.0
3689,988.0
3690,973.0
3691,958.0
3692,958.0
3693,943.0
3694,943.0
3695,912.0
3696,879.0
3697,863.0
3698,879.0
3699,879.0
3700,894.0
3701,909.0
3702,909.0
3703,902.1
3704,902.1
3705,918.1
3706,951.1
3707,967.1
3708,967.1
3709,943.5
3710,912.5
3711,912.5
3712,892.2
3713,914.1
3714,894.0
3715,887.6
3716,887.6
3717,887.6
3718,887.6
3719,911.2
3720,925.2
3721,925.2
3722,945.5
3723,929.5
3724,909.9
3725,931.3
3726,931.3
3727,916.3
3728,901.3
3729,901.3
3730,898.3
3731,898.3
3732,873.2
3733,889.2
3734,928.9
3735,928.9
3736,928.9
3737,926.9
3738,941.9
3739,941.9
3740,961.9
3741,961.9
3742,987.0
3743,949.8
3744,949.8
3745,949.8
3746,949.8
3747,950.8
3748,930.7
3749,910.7
3750,895.7
3751,880.7
3752,880.7
3753,897.5
3754,897.5
3755,852.4
3756,852.4
3757,868.4
3758,888.5
3759,888.5
3760,903.5
3761,918.5
3762,918.5
3763,938.9
3764,938.9
3765,984.0
3766,969.0
3767,969.0
3768,969.0
3769,973.0
3770,973.0
3771,973.0
3772,973.0
3773,973.0
3774,956.0
3775,956.0
3776,971.0
3777,971.0
3778,971.0
3779,987.0
3780,987.0
3781,987.0
3782,950.0
3783,929.2
3784,946.2
3785,923.8
3786,901.6
3787,876.5
3788,876.5
3789,835.4
3790,800.4
3791,776.7
3792,813.7
3793,834.5
3794,815.5
3795,837.9
3796,860.1
3797,885.2
3798,885.2
3799,926.3
3800,961.3
3801,985.0
3802,985.0
3803,965.0
3804,984.0
3805,984.0
3806,984.0
3807,984.0
3808,947.6
3809,932.6
3810,932.6
3811,932.6
3812,932.6
3813,935.6
3814,935.6
3815,910.8
3816,910.8
3817,910.8
3818,947.2
3819,929.2
3820,929.2
3821,929.2
3822,929.2
3823,931.2
3824,931.2
3825,956.0
3826,956.0
3827,956.0
3828,956.0
3829,989.0
3830,989.0
3831,963.9
3832,939.3
3833,954.3
3834,954.3
3835,954.3
3836,934.3
3837,934.3
3838,934.3
3839,934.3
3840,934.3
3841,959.4
3842,984.0
3843,984.0
3844,984.0
3845,961.9
3846,943.7
3847,921.5
3848,921.5
3849,921.5
3850,921.5
3851,900.7
3852,900.7
3853,880.1
3854,880.1
3855,902.2
3856,940.4
3857,962.6
3858,945.6
3859,945.6
3860,945.6
3861,966.4
3862,949.4
3863,947.4
3864,904.9
3865,904.9
3866,889.9
3867,889.9
3868,890.9
3869,890.9
3870,890.9
3871,870.7
3872,872.7
3873,895.3
3874,919.8
3875,919.8
3876,909.7
3877,909.7
3878,925.7
3879,925.7
3880,925.7
3881,922.6
3882,937.6
3883,937.6
3884,940.6
3885,940.6
3886,965.7
3887,965.7
3888,945.7
3889,930.7
3890,930.7
3891,954.0
3892,954.0
3893,937.0
3894,952.0
3895,952.0
3896,935.0
3897,935.0
3898,955.0
3899,970.0
3900,970.0
3901,970.0
3902,955.0
3903,972.0
3904,972.0
3905,957.0
3906,974.0
3907,974.0
3908,949.3
3909,934.3
3910,934.3
3911,934.3
3912,934.3
3913,934.3
3914,934.3
3915,933.3
3916,933.3
3917,933.3
3918,958.0
3919,973.0
3920,949.9
3921,949.9
3922,964.9
3923,948.9
3924,926.4
3925,902.4
3926,880.8
3927,865.8
3928,841.6
3929,841.6
3930,849.7
3931,810.6
3932,810.6
3933,826.6
3934,849.1
3935,889.1
3936,910.7
3937,925.7
3938,949.9
3939,949.9
3940,964.9
3941,1004.0
3942,958.2
3943,958.2
3944,958.2
3945,958.2
3946,958.2
3947,958.2
3948,958.2
3949,958.2
3950,958.2
3951,937.8
3952,983.6
3953,983.6
3954,983.6
3955,967.6
3956,952.6
3957,952.6
3958,952.6
3959,930.7
3960,930.7
3961,951.1
3962,951.1
3963,927.3
3964,912.3
3965,928.3
3966,943.3
3967,918.7
3968,868.6
3969,890.5
3970,890.5
3971,866.2
3972,866.2
3973,890.0
3974,866.1
3975,866.1
3976,866.1
3977,890.7
3978,940.8
3979,940.8
3980,940.8
3981,946.1
3982,914.1
3983,914.1
3984,953.0
3985,935.0
3986,935.0
3987,910.3
3988,910.3
3989,910.3
3990,910.3
3991,868.9
3992,900.9
3993,885.9
3994,885.9
3995,903.9
3996,903.9
3997,928.6
3998,928.6
3999,928.6
4000,928.6
4001,989.0
4002,989.0
4003,1004.0
4004,1004.0
4005,988.0
4006,965.9
4007,965.9
4008,948.9
4009,948.9
4010,928.9
4011,910.9
4012,910.9
4013,910.9
4014,910.9
4015,926.9
4016,917.0
4017,917.0
4018,934.0
4019,918.0
4020,923.0
4021,941.0
4022,905.8
4023,905.8
4024,905.8
4025,905.8
4026,889.9
4027,889.9
4028,869.8
4029,885.8
4030,884.8
4031,862.8
4032,898.0
4033,898.0
4034,877.6
4035,877.6
4036,925.5
4037,925.5
4038,945.6
4039,945.6
4040,961.6
4041,983.6
4042,963.1
4043,963.1
4044,961.9
4045,961.9
4046,961.9
4047,961.9
4048,936.8
4049,898.8
4050,898.8
4051,898.8
4052,919.3
4053,919.3
4054,940.9
4055,940.9
4056,919.5
4057,876.2
4058,883.3
4059,921.3
4060,921.3
4061,921.3
4062,899.7
4063,899.7
4064,899.7
4065,883.7
4066,905.1
4067,948.4
4068,966.4
4069,966.4
4070,951.4
4071,951.4
4072,973.0
4073,973.0
4074,973.0
4075,989.0
4076,989.0
